Ontology Name;Ontology Acronym ID;Reference;Gathering Modality;;;
"""ComfOnt"" Ontology";ComfOnt;10.3390/electronics8121449;Literature Review;;;
"""DogOnt"" Ontology";DogOnt;10.1007/978-3-540-88564-1_51;Literature Review;;;
"""PowerOnt"" Ontology";PowerOnt;10.1007/978-3-319-19656-5_1;Literature Review;;;
“ResOnt” ontology;ResOnt;https://arxiv.org/ftp/arxiv/papers/1909/1909.10941.pdf;Literature Review;;;
A-SHIP Ontology;A-SHIP;10.3390/su14031917;Portals' Exploration;;;
AdaLab Ontology*;ADALAB;https://bioportal.bioontology.org/ontologies/ADALAB;Portals' Exploration;;;
Addiction Ontology;ADDICTO;10.32388/HZHJIP;Portals' Exploration;;;
Adverse Event Reporting Ontology;AERO;https://ceur-ws.org/Vol-833/paper34.pdf;Portals' Exploration;;;
Agent-Based Modeling (ABM) Ontology for Life Cycle Assessment;;10.1111/j.1530-9290.2009.00122.x;Literature Review;;;
Aging Neuro-Behaviour Ontology;ANBO;10.3233/AO-200229;Portals' Exploration;;;
Agri-Food Experiment Ontology;AFEO;10.1016/j.compag.2017.06.020;Portals' Exploration;;;
Agricultural and Nutrition Technology Ontology *;ANT;https://agroportal.lirmm.fr/ontologies/ANT/?p=summary;Portals' Exploration;;;
Agriculture and Forestry Ontology *;AFO;https://seco.cs.aalto.fi/ontologies/afo/;Portals' Exploration;;;
AgriEnt-Ontology;;10.3390/app10031040;Literature Review;;;
Agroecology Thesaurus;THESAE;10.1051/cagri/2020004;Literature Review;;;
Agronomy Ontology;AgrO;https://ceur-ws.org/Vol-1747/IT205_ICBO2016.pdf;Both;;;
AGROVOC Multilingual Thesaurus;AGROVOC;"10.5555/2786071.2786087 ; https://www.fao.org/agrovoc/publications";Both;;;
Allotrope Merged Ontology Suite *;AFO (Allotrope Merged Ontology Suite);https://www.allotrope.org/;Portals' Exploration;;;
An Ontology for Addressing Poverty;;10.5220/0006944102710278;Literature Review;;;
An Ontology for Air Pollution Analysis and Control;AIR_POLLUTION_Onto;10.1007/978-1-4419-0221-4_17;Literature Review;;;
An Ontology for Assessing the Degree of Risk in a Road Scene;;10.1016/j.procs.2015.08.300;Literature Review;;;
An Ontology for e-Participation;;10.1016/j.giq.2016.01.007;Literature Review;;;
An Ontology for Emergency Managing and Planning about Hazard Crises;Empathi;https://shekarpour.github.io/empathi.io/;Literature Review;;;
An Ontology for Indian Biodiversity Knowledge Management;INBIODIV;https://EconPapers.repec.org/RePEc:igg:jismd0:v:13:y:2022:i:7:p:1-18;Portals' Exploration;;;
An Ontology for the IT Enterprise Sustainable Development Domain;;10.15587/2312-8372.2019.176906;Literature Review;;;
An Ontology for the Transportation System;;https://easychair.org/publications/open/8Fls;Literature Review;;;
An ontology representing man-made water system concepts at the building and network levels of detail.;;10.1016/j.autcon.2017.02.004;Literature Review;;;
An OWL-DL Ontology for the Standard for the Exchange of Product model data;OntoSTEP;https://www.govinfo.gov/content/pkg/GOVPUB-C13-f0429972a83a45bcc4c29d1789edc6a7/pdf/GOVPUB-C13-f0429972a83a45bcc4c29d1789edc6a7.pdf;Literature Review;;;
AnaEE Thesaurus;ANAEEThes;10.3389/fevo.2018.00043;Portals' Exploration;;;
Animal Natural History and Life History Ontology *;ADW;https://bioportal.bioontology.org/ontologies/ADW;Portals' Exploration;;;
APOLLO Structured Vocabulary;APOLLO_SV;https://ceur-ws.org/Vol-1327/icbo2014_paper_30.pdf;Portals' Exploration;;;
Arctic Report Card;ARCRC;https://github.com/DataONEorg/sem-prov-ontologies/tree/main/arctic-report-card;Portals' Exploration;;;
Artificial Intelligence Ontology*;AIO;https://github.com/berkeleybop/artificial-intelligence-ontology;Portals' Exploration;;;
ASPECT: wind energy vAriableS, ParametErs and ConsTants *;ASPECT;https://github.com/DTUWindEnergy/ASPECT-taxonomy;Portals' Exploration;;;
ATU Ontologies;;10.1016/j.eswa.2020.113461;Literature Review;;;
Autism DSM-ADI-R Ontology;ADAR;10.1016/j.jbi.2015.06.026;Portals' Exploration;;;
Autism Spectrum Disorder Phenotype Ontology;ASDPTO;10.1007/s12021-013-9211-4;Portals' Exploration;;;
Basic Formal infrastructure incident assessment Ontology;BFiaO;10.1007/978-3-642-04754-1_54;Literature Review;;;
Basic Formal Ontology;BFO;9,78026E+12;Literature Review;;;
Behaviour change Intervention Ontology;BCIO;10.12688/wellcomeopenres.15902.2;Portals' Exploration;;;
Bilingual Ontology of Alzheimer's Disease and Related Diseases;ONTOAD;10.1016/j.jbi.2013.12.013;Portals' Exploration;;;
BioAssay Ontology;BAO;10.1186/1471-2105-12-257;Portals' Exploration;;;
Biodiversity Ontology *;BOF;https://bioportal.bioontology.org/ontologies/BOF/?p=summary;Portals' Exploration;;;
Biodiversity Thesaurus;BIODIVTHES;https://hal.science/hal-02907484;Portals' Exploration;;;
BioEntities;BE;10.1186/s12859-018-2211-5;Portals' Exploration;;;
BioHub Ontology;BioHubO;10.1186/s13326-016-0071-3;Literature Review;;;
Bioinformatics Operations, Data Types, Formats, Identifiers and Topics;EDAM;10.7490/f1000research.1118900.1;Portals' Exploration;;;
Biological and Environmental Research Ontology;BERO;https://arxiv.org/pdf/2311.05042.pdf;Portals' Exploration;;;
Biological Collections Ontology;BCO;10.1371/journal.pone.0089606;Portals' Exploration;;;
Biological Observation Matrix Ontology *;BIOMO;https://github.com/mikel-egana-aranguren/biom-ld;Portals' Exploration;;;
Biologie Hors Nomenclature *;BHN;http://www.chu-montpellier.fr/fr/biologie-pathologie/referentiel-des-actes;Portals' Exploration;;;
Biomedical Informatics Research Network Project Lexicon;BIRNLEX;10.1007/s12021-008-9032-z;Portals' Exploration;;;
Biomedical Resource Ontology;BRO;10.1016/j.jbi.2010.10.003;Portals' Exploration;;;
Biorefinery Ontology;BIOREFINERY;10.1016/j.compag.2016.06.020;Portals' Exploration;;;
BIOVOICES Ontology for Bioeconomy;BiOnto;10.3390/su13084265;Literature Review;;;
Bone and Cartilage Tissue Engineering Ontology;BCTEO;10.1186/1471-2105-15-S1-S14.;Portals' Exploration;;;
BONSAI Ontology;;10.1111/jiec.13220;Literature Review;;;
BonSAI Ontology;;10.1145/2254129.2254166;Literature Review;;;
Botryllus Schlosseri Anatomy and Development Ontology;BSAO;10.1371/journal.pone.0096434;Literature Review;;;
Brain-Computer Interaction (BCI) Ontology;BCI-O;10.3389/fnhum.2014.00370;Portals' Exploration;;;
Brick Ontology;;10.1016/j.apenergy.2018.02.091;Literature Review;;;
Bro_Name *;BRO_ACRONYM;https://bioportal.bioontology.org/ontologies/BRO_ACRONYM;Portals' Exploration;;;
Brucellosis Ontology;IDOBRU;10.1186/2041-1480-2-9.;Portals' Exploration;;;
Building Fire Emergency Response domain Model;BFER;http://hdl.handle.net/11250/2441344;Literature Review;;;
Business Innovation Ontology for smart cities;BIO;10.3390/info9120324;Literature Review;;;
Business Model Ontology;BMO;10.21863/jem/2016.5.1.023;Literature Review;;;
CARRE Risk factor Ontology;CARRE;http://libeprints.open.ac.uk/46810/1/Untitled.pdf;Portals' Exploration;;;
Cell Behaviour Ontology;CBO;10.1093/bioinformatics/btu210;Portals' Exploration;;;
Cell Culture Ontology;CCONT;10.1371/journal.pone.0048584;Portals' Exploration;;;
Cerrado Concepts and Wood Plant Dynamics Ontology;CCON;https://www.semantic-web-journal.net/system/files/swj642.pdf;Portals' Exploration;;;
CHEBI Integrated Role Ontology;CHIRO;https://chemical-roles.github.io/manuscript/;Portals' Exploration;;;
Chemical Entities of Biological Interest ontology;CHEBI;10.1093/nar/gkm791;Both;;;
Chemical Information Ontology;CHEMINF;10.1371/journal.pone.0025513.;Portals' Exploration;;;
Chemical Methods Ontology *;CHMO;https://github.com/rsc-ontologies/rsc-cmo;Portals' Exploration;;;
Children's Health Exposure Analysis Resource;CHEAR;10.1097/MOP.0000000000000491;Portals' Exploration;;;
CIDOC Conceptual Reference Model;CIDOC;https://www.cidoc-crm.org/Version/version-6.2;Portals' Exploration;;;
Cigarette Smoke Exposure Ontology;CSEO;10.1186/2041-1480-5-31;Portals' Exploration;;;
City's Ontology;;10.4018/IJEPR.2019100102;Literature Review;;;
CityGML;;10.1016/j.isprsjprs.2012.04.004;Literature Review;;;
Climate Crisis Management Ontology;;10.5281/zenodo.1243535;Literature Review;;;
clinical LABoratory Ontology;LABO;https://ceur-ws.org/Vol-2518/paper-ODLS2.pdf;Portals' Exploration;;;
Clinical Measurement Ontology;CMO;10.3389/fgene.2012.00087;Portals' Exploration;;;
Clinical Trials Ontology - Neurodegenerative Diseases;CTO-NDD;https://core.ac.uk/download/pdf/304641663.pdf;Portals' Exploration;;;
Cognitive Atlas Ontology;COGAT;10.3389/fninf.2011.00017;Portals' Exploration;;;
Cognitive Semantic Sensor Network (CoSSN) Ontology;CoSSN;10.1109/WETICE.2017.41;Literature Review;;;
Combined Phenotype Ontology;UPHENO;10.12688/f1000research.2-30.v2;Portals' Exploration;;;
Common Core Ontology suite;CCO;https://www.nist.gov/system/files/documents/2021/10/14/nist-ai-rfi-cubrc_inc_004.pdf;Both;;;
Common Greenhouse Ontology;CGO;10.3390/engproc2021009027;Literature Review;;;
Common Ontology of System *;COS;GitHub - Borydel/COS: Common ontology of system;Literature Review;;;
Common Ontology of Value and Risk;;10.1007/978-3-030-00847-5_11;Literature Review;;;
Comparative Data Analysis Ontology;CDAO;10.4137/ebo.s2320;Portals' Exploration;;;
Compositional Dietary Nutrition Ontology;CDNO;10.1002/csc2.20092;Portals' Exploration;;;
Computational Neuroscience Ontology;CNO;10.1186/1471-2202-13-S1-P149;Portals' Exploration;;;
Computer Networks Ontology *;CN;https://bioportal.bioontology.org/ontologies/CN/?p=summary;Portals' Exploration;;;
Computer Retrieval of Information on Scientific Projects Thesaurus;CRISP;PMC227292;Portals' Exploration;;;
Conceptual Ontology of Risk and Catastrophe;;halshs-00643597;Literature Review;;;
Connected Traffic Data Ontology;CTDO;10.3390/s20102961;Literature Review;;;
Core Product Model (CPM) Ontology;;10.6028/NIST.IR.7436;Literature Review;;;
Coronavirus Infectious Disease Ontology;CIDO;10.1038/s41597-020-0523-6;Portals' Exploration;;;
Corporate Sustainability Ontology;csOnt;10.1145/2539150.2539208;Literature Review;;;
COSIMMA;;10.1111/1468-5973.12310;Literature Review;;;
COVID-19 Infectious Disease Ontology;IDO-COVID-19;10.1186/s13326-021-00245-1;Portals' Exploration;;;
COVID-19 Vocabulary;COVOC;10.1093/bioinformatics/btac800;Portals' Exploration;;;
Crisis Response Ontology;CROnto;10.1007/978-3-030-28374-2_36;Literature Review;;;
Crop Pest and Diseases Ontology;CropPestO;10.1007/978-3-030-62015-8_2;Literature Review;;;
Crop Planification and Production Process Ontology - Crop Management;C3POCM;https://www.elzeard.co/ontologies/c3po/EN/EN_CM.html;Portals' Exploration;;;
Crop Planification and Production Process Ontology - Plant;C3POPLANT;10.3389/frai.2023.1187089;Portals' Exploration;;;
Crop Planning and Production Process Ontology;C3PO;10.3389/frai.2023.1187090;Portals' Exploration;;;
Crop Research Ontology;CO_715;http://ceur-ws.org/Vol-979/WS_s4biodiv2013_paper_4.pdf;Both;;;
Current Procedural Terminology;CPT;10.3174/ajnr.A4863;Portals' Exploration;;;
Data Quality Life Cycle Assessment Ontology;DQ-LCA Ontology;10.2991/ict4s-env-15.2015.18;Literature Review;;;
Data Science Education Ontology;DSEO;https://www.pagestudy.org/DSEO/;Portals' Exploration;;;
Demand Side Management and Smart Home Ontology;DeSMaHo;10.4028/www.scientific.net/AEF.19.124;Literature Review;;;
Dementia-Related Agitation Non-Pharmacological Treatment Ontology;DRANPTO;10.1002/trc2.12061;Portals' Exploration;;;
Dementia-Related Emotional And Mood Disturbance Non-Pharmacological Treatment Ontology *;DREAMDNPTO;https://bioportal.bioontology.org/ontologies/DREAMDNPTO;Portals' Exploration;;;
Dementia-Related Psychotic Symptoms Non-Pharmacological Treatment Ontology;DRPSNPTO;10.3928/00989134-20220308-02;Portals' Exploration;;;
Dengue Fever Ontology;IDODEN;10.1371/journal.pntd.0003479;Portals' Exploration;;;
Descriptive Ontology for Linguistic and Cognitive Engineering;DOLCE;10.1007/978-3-540-92673-3_16;Literature Review;;;
Descriptive Ontology for Territorial Knowledge;DOTK;10.1109/SITIS.2018.00070;Literature Review;;;
Devices, Experimental scaffolds and Biomaterials Ontology;DEB;10.1002/adfm.201909910;Portals' Exploration;;;
DICOM Controlled Terminology;DCM;10.4137/CIN.S37032;Portals' Exploration;;;
DIRES Ontology;;10.1145/2820426.2820453;Literature Review;;;
Disease Driver Ontology;DISDRIV;10.1093/nar/gkab1063;Portals' Exploration;;;
Domain Ontology for Industrial Ecology;;"10.1162/1088198054821690; 10.1162/jiec.2006.10.4.37";Literature Review;;;
Domain Ontology for Mass Gatherings;DO4MG;10.1016/j.dss.2012.11.013;Literature Review;;;
Domain Ontology for the Hydrologic Community;;https://ui.adsabs.harvard.edu/abs/2005AGUFMIN43A0321P/abstract;Literature Review;;;
Domain Ontology for Wind Energy;;10.1016/j.renene.2013.08.002;Literature Review;;;
Domain Territorial Knowledge Ontology;DOTK Ontology;10.5220/0008165201020112;Literature Review;;;
Drug Ontology;DRON;10.1186/2041-1480-4-44;Portals' Exploration;;;
DS4IoT Ontology;;10.3390/s20030801;Literature Review;;;
Dynamic Flood Ontology;DFO;10.1145/3356395.3365545;Literature Review;;;
Earthster Core Ontology;;https://www.epimorphics.com/epimorphics-designing-eco-a-core-domain-ontology-for-life-cycle-analysis/;Literature Review;;;
Ecosystem Ontology;ECSO;https://figshare.com/articles/presentation/Annotating_datasets_with_measurement_classes_from_the_Ecosystem_Ontology_ECSO/5280247;Portals' Exploration;;;
EDAM Bioimaging Ontology;EDAM-BIOIMAGING;10.7490/10.7490/f1000research.1117826.1;Portals' Exploration;;;
EDDA Study Designs Taxonomy;EDDA;https://d-scholarship.pitt.edu/33707/1/Bekhuis_EDDA-Study-Designs-Taxonomy-v2.pdf;Portals' Exploration;;;
ee-district Ontology;;10.1016/j.autcon.2017.10.004;Literature Review;;;
eLTER Controlled Lists *;eLTER_CL;https://vocabs.lter-europe.net/elter_cl/en/;Portals' Exploration;;;
EMERGEL Ontology;EMERGEL;10.5194/nhess-15-1563-2015;Literature Review;;;
Emergence Plan Ontology;OntoEmergePlan;https://idl.iscram.org/files/mariaigbferreira/2015/1184_MariaI.G.B.Ferreira_etal2015.pdf;Literature Review;;;
Emergency Care Ontology;ONTOLURGENCES;10.13140/RG.2.1.4476.3689;Portals' Exploration;;;
Emergency Data Exchange Language- Reliable and Smart Crowdsourcing Solution for Emergency and Crisis Management (EDXL-RESCUER) Ontology;EDXL-CAP;https://ceur-ws.org/Vol-1442/paper_19.pdf;Literature Review;;;
Emergency Data Exchange Language- Reliable and Smart Crowdsourcing Solution for Emergency and Crisis Management (EDXL-RESCUER) Ontology;EDXL-DE;https://ceur-ws.org/Vol-1442/paper_19.pdf;Literature Review;;;
Emergency Data Exchange Language- Reliable and Smart Crowdsourcing Solution for Emergency and Crisis Management (EDXL-RESCUER) Ontology;EDXL-HAVE;https://ceur-ws.org/Vol-1442/paper_19.pdf;Literature Review;;;
Emergency Data Exchange Language- Reliable and Smart Crowdsourcing Solution for Emergency and Crisis Management (EDXL-RESCUER) Ontology;EDXL-RIM;https://ceur-ws.org/Vol-1442/paper_19.pdf;Literature Review;;;
Emergency Data Exchange Language- Reliable and Smart Crowdsourcing Solution for Emergency and Crisis Management (EDXL-RESCUER) Ontology;EDXL-SitRep;https://ceur-ws.org/Vol-1442/paper_19.pdf;Literature Review;;;
Emergency Data Exchange Language- Reliable and Smart Crowdsourcing Solution for Emergency and Crisis Management (EDXL-RESCUER) Ontology;EDXL-TEP;https://ceur-ws.org/Vol-1442/paper_19.pdf;Literature Review;;;
Emergency Fire Ontology;;10.1145/2820426.2820453.;Literature Review;;;
Emergency Management Ontology;EMO;10.1007/s12518-011-0048-y;Literature Review;;;
Emergency Response Ontology;ERO;10.1109/CSSE.2008.1044;Literature Review;;;
Emotion Ontology;MFOEM;10.1007/978-3-642-24279-3_14;Portals' Exploration;;;
EmpowerBP;EBP;10.1016/j.ijmedinf.2018.08.002;Portals' Exploration;;;
eNanoMapper Ontology;ENM;10.1186/s13326-015-0005-5;Portals' Exploration;;;
Energy Knowledge Graph;EKG;10.1007/s11227-018-2672-3;Literature Review;;;
Energy-aware Home Ontology;;10.1109/CCNC.2011.5766626;Literature Review;;;
Enterprise Ontology;EO (Enterprise Ontology);10.1017/S0269888998001088;Literature Review;;;
Environment Ontology;EnvO;10.1186/2041-1480-4-43.;Both;;;
Environment Ontology for Livestock;EOL;https://www.journees-recherche-porcine.com/texte/2014/bea/8B8.pdf;Portals' Exploration;;;
Environmental Conditions, Treatments, and Exposures Ontology;ECTO;10.1186/s13326-023-00283-x;Both;;;
Environmental, Social, and Corporate Governance (ESG) Ontology;ESGO;https://ceur-ws.org/Vol-3194/paper30.pdf;Literature Review;;;
EnvO instance-focused open-source gazetteer;GAZ;https://github.com/EnvironmentOntology/gaz;Both;;;
Epigenome Ontology;EGO;https://ceur-ws.org/Vol-1747/IP04_ICBO2016.pdf;Portals' Exploration;;;
Ethnicity Ontology *;EO (Ethnicity Ontology);https://bioportal.bioontology.org/ontologies/EO;Portals' Exploration;;;
Ets-Related European ONtology;EREON;https://doi.org/10.1016/j.envsoft.2014.11.007;Literature Review;;;
Evidence and Conclusion Ontology;ECO;10.1093/nar/gkab1025;Portals' Exploration;;;
Experimental Factor Ontology;EFO;https://www.w3.org/wiki/images/1/13/HCLSIG$$LODD$$Literature$Bio-Ontologies2008.pdf#page=21;Portals' Exploration;;;
Exposure Ontology;ExO;10.1021/es2033857;Portals' Exploration;;;
Extensible Observation Ontology;OBOE;10.1016/j.ecoinf.2007.05.004;Portals' Exploration;;;
Extensible Observation Ontology for the Santa Barbara Coastal Long Term Ecological Research project *;OBOE-SBC;https://bioportal.bioontology.org/ontologies/OBOE-SBC;Portals' Exploration;;;
FAIRsharing Subject Ontology;SRAO;https://ceur-ws.org/Vol-2849/paper-17.pdf;Portals' Exploration;;;
Fall Risk Management Ontology *;FRMO;https://bioportal.bioontology.org/ontologies/FRMO;Portals' Exploration;;;
FEWsOnt Ontology;FEWsOnt;10.1089/ees.2018.0551;Literature Review;;;
Fire Ontology;FIRE;https://bioportal.bioontology.org/ontologies/FIRE;Portals' Exploration;;;
FNS-Harmony;FNS-H;https://aile3.ijs.si/dunja/SiKDD2020/Papers/11%20-%20Semantic_annotation_of_food_and_nutrition_data__SiKDD_2020_-final.pdf;Portals' Exploration;;;
Food Interactions with Drugs Evidence Ontology;FIDEO;https://www.informatik.uni-leipzig.de/~loebe/tmp/ICBO2020/paperL.pdf;Portals' Exploration;;;
Food Matrix for Predictive Microbiology;FMPM;10.1016/j.ijfoodmicro.2018.10.007;Portals' Exploration;;;
Food Ontology;FoodOn;10.1038/s41538-018-0032-6;Both;;;
Food-Biomarker Ontology;FOBI;10.1093/databa/baaa033;Portals' Exploration;;;
FoodGroupNHNS *;FGNHNS;https://bioportal.bioontology.org/ontologies/FGNHNS/?p=summary;Portals' Exploration;;;
Forest Observatory Ontology;FOO;10.5281/zenodo.8186185;Portals' Exploration;;;
Foundational Model of Anatomy;FMA;http://sigpubs.si.washington.edu/view/subjects/FMA.html;Both;;;
Friend Of A Friend;FOAF;https://doi.org/10.1300/J104v43n03_10;Both;;;
GALEN Ontology;GALEN;PMC1480228;Portals' Exploration;;;
Gender, Sex and Sexual Orientation Ontology;GSSO;10.1093/jamia/ocaa061;Portals' Exploration;;;
Gene Ontology;GO;https://geneontology.org/docs/introduction-to-go;Both;;;
Gene Regulation Ontology;GRO;18487700;Portals' Exploration;;;
GEneral Multilingual Environmental Thesaurus;GEMET;https://www.eionet.europa.eu/gemet/en/about/#chapter-VII;Portals' Exploration;;;
Generic Ontology for Prosumer-Oriented Smart Grid;;https://ceur-ws.org/Vol-1133/paper-21.pdf;Literature Review;;;
Generic Ontology of Energy Consumption Households;;10.3390/en12193712;Literature Review;;;
Genomic Epidemiology Ontology;GENEPIO;10.3389/fmicb.2017.01068;Portals' Exploration;;;
Geographical Entity Ontology;GEO;https://github.com/mcwdsi/geographical-entity-ontology/wiki;Portals' Exploration;;;
Geospecies Entity Ontology *;GEOSPECIES;http://lod.geospecies.org/ontology/doc/index.html;Portals' Exploration;;;
Global Agricultural Concept Scheme;GACS;10.1007/978-3-319-49157-8_27;Portals' Exploration;;;
Global City Indicator Ontology;GCI Ontology;10.13140/RG.2.2.17487.10404;Literature Review;;;
Global System for Sustainable Development;GSSD;"10.1007/978-1-4020-6071-7 ; https://gssd.mit.edu/research-reports";Literature Review;;;
Guide des produits de protection des cultures utilisables en Agriculture Biologique en France (ITAB ontology);ITAB;https://www.itab.asso.fr/downloads/com-intrants/guide-protection-plantes6.pdf;Portals' Exploration;;;
Health & Social Person-centric Ontology;HSPO;10.1145/3587259.3627545;Portals' Exploration;;;
Health Condition Evolution Ontology;HECON;https://ceur-ws.org/Vol-3573/paper5.pdf;Portals' Exploration;;;
Health Level Seven Reference Implementation Model, Version 3;HL7;10.1016/S1386-5056(97)00121-4;Both;;;
Health Ontology for Minority Equity;HOME;10.5220/0010639800003064;Literature Review;;;
Health Surveillance Ontology;HSO;http://datadrivensurveillance.org/resources/;Portals' Exploration;;;
HealthIoT Ontology;HealthIoT;10.1109/AICCSA.2017.171;Literature Review;;;
Healthy City ontology;HC ontology;10.3390/su132413844;Literature Review;;;
Hearing Impairment Ontology;HIO;10.3390/genes10120960;Portals' Exploration;;;
HEritage Resilience Against CLimate Events on Site (HERACLES) Ontology;HERACLES;10.3390/heritage1020026;Literature Review;;;
HHEAR Properties;HHEAR;10.1016/j.ijheh.2021.113768;Portals' Exploration;;;
Histopathology Ontology;HO;10.1186/s13326-017-0158-5;Portals' Exploration;;;
Homeostasis imbalance process ontology;HOIP;10.1101/2023.03.09.531883;Portals' Exploration;;;
Human Activity Ontology;;10.3233/AIS-150359;Literature Review;;;
Human and Ecological health Risks Ontology;HERO;10.3390/s18113619;Literature Review;;;
Human Disease Ontology;DOID;https://disease-ontology.org/community/publications;Both;;;
Human Phenotype Ontology;HP;10.1016/j.ajhg.2008.09.017;Portals' Exploration;;;
Human Physiology Simulation Ontology;HUPSON;10.1186/2041-1480-4-35;Portals' Exploration;;;
Humanitarian eXchange Language;HXL;13: 9780742525436;Literature Review;;;
HY-Features;;https://docs.ogc.org/is/14-111r6/14-111r6.html;Literature Review;;;
Hydro Foundational Ontology;HyFo;10.1080/13658816.2018.1443751;Literature Review;;;
Hydrogeology SWEET-extended Ontology;;10.1016/j.cageo.2007.08.009;Literature Review;;;
hydrOntology;;10.1007/978-3-642-00304-2_13;Literature Review;;;
ICT Education Ontology: ICT curriculum;IEO;10.1109/DEST.2011.5936612;Literature Review;;;
ICT Education Ontology: ICT jobs;IEO;10.1109/DEST.2011.5936612;Literature Review;;;
ICT Education Ontology: ICT research;IEO;10.1109/DEST.2011.5936612;Literature Review;;;
ICT Education Ontology: ICT skills;IEO;10.1109/DEST.2011.5936612;Literature Review;;;
IDEON Ontology;;"10.1002/1520-6858(2001)4:13.0.CO;2-F";Literature Review;;;
IDont: Content Ontology;IDont;10.1186/s40561-020-00135-6;Literature Review;;;
IDont: Context Ontology;IDont;10.1186/s40561-020-00135-6;Literature Review;;;
IDont: Domain Ontology;IDont;10.1186/s40561-020-00135-6;Literature Review;;;
IDont: Environment Ontology;IDont;10.1186/s40561-020-00135-6;Literature Review;;;
IDont: Eval Ontology;IDont;10.1186/s40561-020-00135-6;Literature Review;;;
IDont: Goal Ontology;IDont;10.1186/s40561-020-00135-6;Literature Review;;;
IDont: Process Ontology;IDont;10.1186/s40561-020-00135-6;Literature Review;;;
IDont: Roles Ontology;IDont;10.1186/s40561-020-00135-6;Literature Review;;;
IDOPlant ontology;IDOPlant;https://philarchive.org/rec/WALAPD;Both;;;
Illness and Injury;ILLNESSNJURY;https://www.who.int/classifications/classification-of-diseases;Portals' Exploration;;;
Indian Biodiversity;IBIO;10.4018/IJISMD.315021;Portals' Exploration;;;
Indian Biodiversity Ontology;IBD;10.4018/IJISMD.315021;Portals' Exploration;;;
Infectious Disease Ontology;IDO;10.1186/s13326-021-00245-1;Both;;;
Information Artifact Ontology;IAO;https://ceur-ws.org/Vol-1515/regular10.pdf;Both;;;
Informed Consent Ontology;ICO;https://ceur-ws.org/Vol-1327/icbo2014_paper_54.pdf;Portals' Exploration;;;
InfraRisk Ontology;INFRARISK;10.1007/978-3-319-69459-7_31;Portals' Exploration;;;
Infrastructure Product Ontology (IPD-Onto);;10.1016/j.autcon.2011.04.014;Literature Review;;;
INSPIRE Data Specification on Hydrography;;https://knowledge-base.inspire.ec.europa.eu/publications/inspire-data-specification-hydrography-technical-guidelines_en;Literature Review;;;
Integration and Implementation Sciences Vocabulary;I2SV;10.22459/DI.01.2013;Portals' Exploration;;;
Intelligence Task Ontology;ITO;10.48550/arXiv.2110.01434;Portals' Exploration;;;
Interaction Network Ontology;INO;10.1186/2041-1480-6-2;Portals' Exploration;;;
Interlinking Ontology for Biological Concepts;IOBC;https://drive.google.com/file/d/1uvgnkJ38mACDMMJvZ3aPD7cGxtpnMsj3/view;Portals' Exploration;;;
International Classification for Nursing Practice;ICNP;10.3912/OJIN.Vol8No02PPT01;Portals' Exploration;;;
International Classification of Diseases- version 11 (ICD-11);ICD-11;10.1186/s12911-021-01534-6;Literature Review;;;
International Classification of Diseases, Version 9 - Clinical Modification;ICD9CM;https://www.cdc.gov/nchs/icd/icd9cm.htm#:~:text=ICD%2D9%2DCM%20is%20the,10%20for%20mortality%20coding%20started.;Portals' Exploration;;;
International Classification of Functioning, Disability and Health;ICF;https://www.who.int/publications/m/item/how-to-use-the-icf---a-practical-manual-for-using-the-international-classification-of-functioning-disability-and-health;Portals' Exploration;;;
International Classification of Primary Care - 2 PLUS;ICPC2P;"198568576 ; 9780198568575";Portals' Exploration;;;
Invasion Biology Ontology;INBIO;10.3897/rio.9.e115395;Portals' Exploration;;;
IoT Security Evaluation Ontology;;10.1109/GIOTS.2019.8766400;Literature Review;;;
IoT-Privontology;;10.1145/3297280.3297367;Literature Review;;;
Irrigation Ontology;IRRIG;10.3390/app10051803;Portals' Exploration;;;
ISD-Economics;;https://scholarsarchive.byu.edu/iemssconference/2006/all/418/;Literature Review;;;
KB_Bio_101;AURA;https://www.ai.sri.com/~halo/public/exported-kb/export-doc.pdf;Portals' Exploration;;;
KG4OGD: GovDataset Ontology;;10.30534/ijatcse/2020/216942020;Literature Review;;;
KG4OGD: GovDomain Ontology;;10.30534/ijatcse/2020/216942020;Literature Review;;;
Knowledge Model for City ontology;Km4City;10.1016/j.jvlc.2014.10.023;Literature Review;;;
KPIOnto;;10.1016/j.future.2015.04.011;Literature Review;;;
Land Use Planning Ontology;LBCS-OWL2;10.3390/fi4010065;Literature Review;;;
Learning ecosystem Ontology;;10.1007/978-3-030-28374-2_48;Literature Review;;;
Lexique bilingue des données géophysiques et textuelles sur l'eau;LEXEAU-FR;978-2-9558601-0-6;Portals' Exploration;;;
Life Cycle Assessment Ontology;LCAO;https://dialnet.unirioja.es/descarga/articulo/2533310.pdf;Literature Review;;;
Life Cycle Assessment Ontology;;10.1016/j.compind.2013.11.003;Literature Review;;;
Life Cycle Assessment Ontology;;10.1016/j.jclepro.2012.11.032;Literature Review;;;
Life Cycle Assessment Ontology;;10.1016/j.susmat.2019.e00135;Literature Review;;;
Life Cycle Asssment Ontology for Product Eco-design;;https://www.iaeng.org/publication/IMECS2013/IMECS2013_pp904-908.pdf;Literature Review;;;
Life Cycle inventory (LCI) Keywords Ontology;;10.1145/2320765.2320796;Literature Review;;;
Life Ontology;LifO;10.1007/s40495-016-0055-0.;Portals' Exploration;;;
Linked Health Resources (LHR) Ontology;LHR Ontology;10.3390/s19081747;Literature Review;;;
Linked Land Governance Thesaurus;LANDVOC;https://www.fig.net/resources/proceedings/fig_proceedings/fig2021/papers/ws_03.1/WS_03.1_cagdas_meggiolaro_et_al_10998.pdf;Portals' Exploration;;;
Logical Observation Identifier Names and Codes;LOINC;8565239;Both;;;
Low Carbon Ontology;;10.1201/b10527-37;Literature Review;;;
Machine Learning Methodology Taxonomy Mapping;MLTX;10.1109/TKDE.2021.3079836;Literature Review;;;
Malaria Ontology;IDOMAL;10.1186/1475-2875-9-230;Portals' Exploration;;;
Mammalian Phenotype Ontology;MP;10.1186/gb-2004-6-1-r7;Portals' Exploration;;;
Management of Crisis Vocabulary;MOAC;https://run.unl.pt/handle/10362/8305;Literature Review;;;
Manufacturing Sustainability Ontology;;10.1016/j.arcontrol.2012.09.012;Literature Review;;;
Mapping of Drug names and MeSH 2022;MDM;https://github.com/bernd-mueller/snoke/tree/master/snoke.ontology;Portals' Exploration;;;
Mapping of Epilepsy Ontologies;MEPO;10.1186/s13326-021-00258-w;Portals' Exploration;;;
Material (SWEET-extension Ontology) *;MATR;http://sweetontology.net/matr;Portals' Exploration;;;
Material Element (SWEET-extension Ontology) *;MATRELEMENT;http://sweetontology.net/matrElement;Portals' Exploration;;;
Material Mineral (SWEET-extension Ontology) *;MINERAL;https://esipfed.github.io/stc/sweet_lode/matrMineral.html;Portals' Exploration;;;
Maternal and Child Health (MCH) Ontology;;10.1155/2017/9519321;Literature Review;;;
Mathematical Modelling Ontology *;MAMO;https://sourceforge.net/p/mamo-ontology/wiki/Home/;Portals' Exploration;;;
Matter Transfer Ontology;TRANSMAT;"10.1515/pacres-2017-0004 ; https://www6.inrae.fr/cati-icat-atweb/Ontologies/Transmat";Literature Review;;;
Measurement Method Ontology;MMO;10.3389/fgene.2012.00087;Portals' Exploration;;;
Medical Action Ontology;MAXO;10.1016/j.medj.2023.10.003;Portals' Exploration;;;
Medical Dictionary for Regulatory Activities Terminology (MedDRA);MEDDRA;10.2165/00002018-199920020-00002;Portals' Exploration;;;
Medical Imaging and Diagnostic Ontology;MIDO;https://www.proquest.com/openview/cd8ff515e0ab0bb960e5e6fd1d12c0f5/1?pq-origsite=gscholar&cbl=18750&diss=y&casa_token=pb8CLld6PhAAAAAA:IFKeGyBHK8YwWeC3FVD6LSCjC_TKYBkRCJCM_gmADYQJzzgQUoLVjMAraXXWDBbLqlgj50zE_dFP;Portals' Exploration;;;
Medical Subject Headings;MesH;"10928714 ; https://learn.nlm.nih.gov/documentation/training-packets/T0042010P/ ; https://www.nlm.nih.gov/mesh/meshhome.html";Portals' Exploration;;;
Mental Functioning Ontology;MF;https://ontology.buffalo.edu/smith/articles/ICBO2012/MFO_Hastings.pdf;Portals' Exploration;;;
Mental Health Management Ontology;MHMO;10.1007/978-3-030-50423-6_27;Portals' Exploration;;;
Meta-Model Ontology of Sustainable development in Economy;OSDE;10.1063/1.5082022;Literature Review;;;
Meta-Model: Ontology of Social Sustainable Development;OSSD;10.1063/5.0042253;Literature Review;;;
Meta-Model:Common Ontology of Sustainable Development;COSD;10.4018/IJISSC.2020100104;Literature Review;;;
Meta-Model:Ontology of Environmental Sustainable Development;OESD;10.1063/5.0100667;Literature Review;;;
Metagenome and Microbes Environmental Ontology *;MEO;https://bioportal.bioontology.org/ontologies/MEO;Portals' Exploration;;;
MFO Mental Disease Ontology;MFOMD;https://ontology.buffalo.edu/smith/articles/ICBO2012/MFO_Hastings.pdf;Portals' Exploration;;;
Microbial Conditions Ontology;MCO;10.1101/218289v1;Portals' Exploration;;;
Minimal Information about any Sequence Ontology;MIXS;https://genomicsstandardsconsortium.github.io/mixs/;Portals' Exploration;;;
Modern Science Ontology;MODSCI;10.1007/978-3-031-33455-9_26;Portals' Exploration;;;
Molecular Interactions;MI;10.1186/s12859-018-2118-1;Portals' Exploration;;;
Mondo Disease Ontology;MONDO;https://mondo.monarchinitiative.org/pages/resources/;Portals' Exploration;;;
MOSAiC Ontology;MOSAIC;https://ieeexplore.ieee.org/stamp/stamp.jsp?arnumber=6078209;Portals' Exploration;;;
Multi-scale Multi-step Ontology;MS2O;10.1007/978-3-319-40985-6_13;Portals' Exploration;;;
Multidisciplinary Life Cycle Assessment (MLCA) Ontology;MLCA Ontology;10.1587/transinf.2016IIP0028;Literature Review;;;
National Center for Biotechnology Information (NCBI) Organismal Classification;NCBITAXON;10.1093/nar/gkr1178;Both;;;
NCI Thesaurus OBO Edition;NCIT;https://ceur-ws.org/Vol-2137/ws_ONCONTO_paper_4.pdf;Both;;;
Neuro Behavior Ontology;NBO;10.1016/B978-0-12-388408-4.00004-6;Portals' Exploration;;; 
Neuropsychological Integrative Ontology;NIO;10.3389/fninf.2021.561691;Portals' Exploration;;;
Neuroscience Information Framework (NIF) Dysfunction Ontlogy;NIFDYS;10.3389/fgene.2012.00111;Portals' Exploration;;;
NewOSEIM Ontology;NewOSEIM;10.1016/j.suscom.2021.100591;Literature Review;;;
Nigeria Agricultural Ontology;NAO;10.5923/j.ac.20130303.04;Literature Review;;;
NLighten Ontology;NLN;https://github.com/NLightenGroup/nlighten-ontology/wiki;Portals' Exploration;;;
Nomenclatural Ontology for Biological Name *;NOMEN;https://github.com/SpeciesFileGroup/nomen;Portals' Exploration;;;
Nurse Transitional;TRANS;http://ontohealth.com.au/ic/pubs/2018_OJNI.pdf;Portals' Exploration;;;
Occupational Ontology;OccO;https://ceur-ws.org/Vol-3249/paper6-OSS.pdf;Portals' Exploration;;;
OMDP Ontology;OMDP;10.1177/1550147719847112;Literature Review;;;
Online Mendelian Inheritance in Man;OMIM;"10.1002/(SICI)1098-1004(200001)15:1<57::AID-HUMU12>3.0.CO;2-G";Portals' Exploration;;;
OntoBiotope;ONTOBIOTOPE;10.48550/arXiv.1805.04107;Portals' Exploration;;;
OntoDM-core/algorithms;ONTODM-ALGORITHM;https://kt.ijs.si/wp-content/uploads/2022/11/MSC_Lidija_Jovanovska.pdf;Portals' Exploration;;;
Ontological Solution for Energy Intelligent Management (OSEIM) Ontology;OSEIM;10.1016/j.suscom.2019.01.009;Literature Review;;;
Ontology Design Patterns;ODP;10.3390/app9010032;Literature Review;;;
Ontology for Agents, Systems, and Integration of Services;OASIS;10.48550/arXiv.2012.01410;Literature Review;;;
Ontology for Biomedical Investigation based Inner Ear Electrophysiology;OBI_IEE;10.1371/journal.pone.0223984;Portals' Exploration;;;
Ontology for Biomedical Investigations;OBI;10.1371/journal.pone.0154556;Portals' Exploration;;;
Ontology for consumer health vocabulary;OCHV;10.1109/bibm47256.2019.8983220;Portals' Exploration;;;
Ontology for Emergency Managing and Planning about Hazard Crises;EMPATHI;10.1109/ICOSC.2019.8665539;Literature Review;;;
Ontology for Environmental Impact Assessment;EIA Ontology;10.1016/j.eswa.2010.08.035;Literature Review;;;
Ontology for Food Processing Experiment;OFPE;10.1016/j.compag.2017.06.020;Portals' Exploration;;;
Ontology for Gamifying Collaborative Learning Scenarios;OntoGaCLeS;10.1007/978-3-319-07221-0_50;Literature Review;;;
Ontology for General Biomedical Science;OGMS;"10.3233/978-1-61499-512-8-155 ; https://github.com/OGMS/ogms?tab=readme-ov-file";Both;;;
Ontology for Home Energy Management Domain;DEHEMS ontology;10.1007/978-3-642-22027-2_28;Literature Review;;;
Ontology for Indian Biodiversity Knowledge Management;InBiodiv-O;10.4018/IJISMD.315021;Portals' Exploration;;;
Ontology for Meteorological sensors;AWS;https://www.w3.org/2005/Incubator/ssn/XGR-ssn-20110628/;Portals' Exploration;;;
Ontology for MIRNA Target;OMIT;10.1145/1854776.1854861;Both;;;
Ontology for Modeling Spatial Planning Systems;;10.4236/cus.2016.42016;Literature Review;;;
Ontology for Nutritional Epidemiology;ONE;10.3390/nu11061300;Portals' Exploration;;;
Ontology for Ontology-Enhanced Life Cycle Assessment (O-LCA);O-LCA;http://digital.library.tu.ac.th/tu_dc/frontend/Info/item/dc:98973;Literature Review;;;
Ontology for Road Risks;;/10.1016/j.procs.2015.08.300;Literature Review;;;
Ontology for Road Traffic Scenarios;;10.3390/s16081287;Literature Review;;;
Ontology for Smart Transportation;;10.3390/s16081287;Literature Review;;;
Ontology for Soils and Fertilization Knowledge;;10.1109/ICECCO48375.2019.9043214;Literature Review;;;
Ontology for Structural Geology;;https://ui.adsabs.harvard.edu/abs/2005AGUFMIN43A0323Z/abstract;Literature Review;;;
Ontology For Suicidology (SUICIDEONTO) *;SUICIDEO;https://bioportal.bioontology.org/ontologies/suicideo;Portals' Exploration;;;
Ontology for Sustainability Indicator Sets;OSIS;https://core.ac.uk/download/pdf/32236312.pdf;Literature Review;;;
Ontology for Sustainable Urban Mobility System;;10.1109/SMC.2019.8914648;Literature Review;;;
Ontology for the Sustainable Development Domain of an IT Enterprise;;10.15587/2312-8372.2019.176906;Literature Review;;;
Ontology for the Wind Energy Domain;;10.1016/j.renene.2013.08.002;Literature Review;;;
Ontology for Transportation System;;https://easychair.org/publications/open/8Fls;Literature Review;;;
Ontology for Urban Infrastructure Inter-asset Management;;10.1016/j.eswa.2020.113461;Literature Review;;;
Ontology for Urban Sustainability Assessment;;10.1017/9781108574334;Literature Review;;;
Ontology Framework for Water Quality Management: Core Ontology;;https://www.researchgate.net/profile/Edmond-Jajaga/publication/255719225_An_Ontology_Framework_for_Water_Quality_Management/links/55ab818a08aea9946724293b/An-Ontology-Framework-for-Water-Quality-Management.pdf;Literature Review;;;
Ontology Framework for Water Quality Management: Polluters Ontology;;https://www.researchgate.net/profile/Edmond-Jajaga/publication/255719225_An_Ontology_Framework_for_Water_Quality_Management/links/55ab818a08aea9946724293b/An-Ontology-Framework-for-Water-Quality-Management.pdf;Literature Review;;;
Ontology Framework for Water Quality Management: Regulations Ontology;;https://www.researchgate.net/profile/Edmond-Jajaga/publication/255719225_An_Ontology_Framework_for_Water_Quality_Management/links/55ab818a08aea9946724293b/An-Ontology-Framework-for-Water-Quality-Management.pdf;Literature Review;;;
Ontology MASON;;10.1109/DIS.2006.48;Literature Review;;;
Ontology Model for Process Level Capabilities of Manufacturing Resources;;10.1016/j.promfg.2020.01.244;Literature Review;;;
Ontology of a Smart City Application for Multidimensional Poverty Measurement;;10.1007/s13132-017-0504-y;Literature Review;;;
Ontology of Adverse Events;OAE;10.1186/2041-1480-5-29;Portals' Exploration;;;
Ontology of Amyotrophic Lateral Sclerosis, all modules;ONTOPARON;10.1371/journal.pone.0244604;Portals' Exploration;;;
Ontology of Biological and Clinical Statistics;OBCS;10.1186/s13326-016-0100-2;Portals' Exploration;;;
Ontology of Biological Attributes;OBA;10.1007/s00335-023-09992-1;Portals' Exploration;;;
Ontology of Chemical Elements;OCE;https://ceur-ws.org/Vol-2931/ICBO_2019_paper_39.pdf;Portals' Exploration;;;
Ontology of Core Ecological Entities *;ECOCORE;https://github.com/EcologicalSemantics/ecocore;Portals' Exploration;;;
Ontology of Digital Health technologies;ODHT;10.1007/s43441-023-00560-y;Portals' Exploration;;;
Ontology of Gamification;OntoGamif;10.3233/AO-190212;Literature Review;;;
Ontology of Genetic Susceptibility Factor;OGSF;10.1186/2041-1480-5-19;Portals' Exploration;;;
Ontology of Homology and Related Concepts in Biology;HOM;10.1016/j.tig.2009.12.012;Portals' Exploration;;;
Ontology of Host-Microbiome Interactions;OHMI;10.1186/s13326-019-0217-1;Portals' Exploration;;;
Ontology of Medically Related Social Entities;OMRSE;10.1186/s13326-016-0087-8;Portals' Exploration;;;
Ontology of Microbial Phenotypes;OMP;10.1186/s12866-014-0294-3;Portals' Exploration;;;
Ontology of Nutritional Studies;ONS;10.1186/s12263-018-0601-y;Portals' Exploration;;;
Ontology of Organizational Structures of Trauma centers and Trauma systems;OOSTT;28217041;Portals' Exploration;;;
Ontology of Physics for Biology;OPB;10.1371/journal.pone.0028708;Portals' Exploration;;;
Ontology of Precision Medicine and Investigation;OPMI;https://ceur-ws.org/Vol-2931/ICBO_2019_paper_34.pdf;Portals' Exploration;;;
Ontology of Product Knowledge;;10.1007/s00170-009-2463-3;Literature Review;;;
Ontology of Social and Environmental Determinants for Psychiatry;ONTOPSYCHIA;10.3233/978-1-61499-830-3-930;Portals' Exploration;;;
Ontology of Soil Properties and Processes;OSP;10.1007/978-3-319-46547-0_4;Literature Review;;;
Ontology of System;OS;10.1007/978-3-030-93482-8;Literature Review;;;
Ontology of units of Measure;OM;10.3233/SW-2012-0069;Both;;;
Ontology of Vaccine Adverse Events;OVAE;10.1186/2041-1480-4-40;Portals' Exploration;;;
Ontology set of the Virtual Factory Data Model (VFDM);VFDM;https://ceur-ws.org/Vol-886/paper_4.pdf;Literature Review;;;
Ontology-based Wastewater Environmental Decision-Support System (OntoWEDSS) Ontology;OntoWEDSS;10.1016/j.envsoft.2003.03.006;Literature Review;;;
OntoPhil;;10.3390/s141223581;Literature Review;;;
Open Mobility Vocabulary;Mobivoc;http://schema.mobivoc.org/;Literature Review;;;
Open SDGs Ontology;OSDG Ontology;10.48550/arXiv.2005.14569;Literature Review;;;
OSMoSys ontology;;https://web.mit.edu/cron/lockers/cupum2015/proceedings/Content/infrastructure/240_psyllidis_h.pdf;Literature Review;;;
oT-Privontology;;10.1145/3297280.3297367;Literature Review;;;
OWL-based Hydrological Ontology for the Web;HOW;https://ui.adsabs.harvard.edu/abs/2003AGUFM.U41B0016B/abstract;Literature Review;;;
Pathway Ontology;PW;https://rgd.mcw.edu/wg/home/pathway2/?100;Portals' Exploration;;;
Patient Safety Ontology *;PSO;https://bioportal.bioontology.org/ontologies/PSO;Portals' Exploration;;;
Pesticide Ontology;PestOn;10.3390/su14116673;Literature Review;;;
Pests in Crops and their Treatments Ontology;PCT-O;10.1016/j.compag.2018.06.049;Literature Review;;;
Pharmacogenomic Relationships Ontology;PHARE;10.1186/2041-1480-2-S2-S10;Portals' Exploration;;;
Phenotype And Traits Ontology;PATO;10.1093/nar/gky1105;Both;;;
PhenX Phenotypic Terms;PHENX;https://www.phenxtoolkit.org/resources/publications;Portals' Exploration;;;
Photovoltaic System Ontology;;10.1016/j.aei.2011.02.006;Literature Review;;;
Plant Experimental Assay Ontology;PEAO;https://dbs.uni-leipzig.de/files/research/publications/2014-7/pdf/dils14-posters.pdf;Portals' Exploration;;;
Plant Experimental Conditions Ontology;PECO;10.1093/nar/gkx1152;Both;;;
Plant Ontology;PO;10.1093/nar/gkx1152;Both;;;
Plant Stress Ontology;PLANTSO;https://ceur-ws.org/Vol-2285/ICBO_2018_paper_25.pdf 10.1093/nar/gkx1152;Both;;;
Plant Trait Ontology;TO;10.1093/nar/gkx1152;Both;;;
Plant-Pathogen Interactions Ontology;PPIO;https://iwbbio.ugr.es/papers/iwbbio_110.pdf;Both;;;
PLOS Thesaurus;PLOSThes;10.1002/bult.2013.1720390207;Portals' Exploration;;;
PMCatalog Ontology;PMCatalog;RePEc:aes:amfeco:v:12:y:2010:i:27:p:177-189;Literature Review;;;
POLARISC Ontology;POLARISCO;10.3390/info12100432;Literature Review;;;
Population and Community Ontology;PCO;https://ceur-ws.org/Vol-1747/IT203_ICBO2016.pdf;Both;;;
Portfolio Management Application *;PMA;https://bioportal.bioontology.org/ontologies/PMA;Portals' Exploration;;;
PPROC Ontology;;10.3233/SW-150195;Literature Review;;;
Prescription of Drugs Ontology;PDRO;10.3390/ijerph182212025;Portals' Exploration;;;
Presence Ontology;PREO;10.1093/jamia/ocab091;Portals' Exploration;;;
Privacy Vulnerability Ontology;;10.1007/978-3-030-42504-3_8;Literature Review;;;
PROcess Chemistry Ontology;PROCO;https://github.com/proco-ontology/PROCO?tab=readme-ov-file;Portals' Exploration;;;
Process Performance Indicators (PPIs) Ontology;;10.1007/978-3-642-16934-2_41;Literature Review;;;
Process Specification Language Ontology;;http://eil.stanford.edu/psl/publications/PSL_Paper.pdf;Literature Review;;;
Product Life Cycle (PLC) Ontologies: Commercial Entity Ontology;;10.3233/AO-190210;Literature Review;;;
Product Life Cycle (PLC) Ontologies: Design Process Ontology;;10.3233/AO-190210;Literature Review;;;
Product Life Cycle (PLC) Ontologies: Maintenance Ontology;;10.3233/AO-190210;Literature Review;;;
Product Life Cycle (PLC) Ontologies: Manufacturing Process Ontology;;10.3233/AO-190210;Literature Review;;;
Product Life Cycle (PLC) Ontologies: Testing Process Ontology;;10.3233/AO-190210;Literature Review;;;
Product Life Cycle (PLC) Ontologies: Tool Ontology;;10.3233/AO-190210;Literature Review;;;
Product Life Cycle Management and Sustainability Ontology;;10.1016/j.compind.2013.11.003;Literature Review;;;
Product Ontology;ONTO-DM;10.1016/j.aei.2011.12.002;Literature Review;;;
PRONTO Product ontology;;10.1016/j.engappai.2011.02.014;Literature Review;;;
Protein MOdification;MOD;10.1038/nbt0808-864;Portals' Exploration;;;
PROV Ontology;PROV-O;https://www.w3.org/TR/prov-o/;Both;;;
Psychology Ontology *;APAONTO;https://bioportal.bioontology.org/ontologies/APAONTO;Portals' Exploration;;;
Public Safety and Emergency Management (PS/EM) Communication Ontology;PS/EM Communication Ontology;https://www.ida.org/-/media/feature/publications/p/pu/public-safety-and-emergency-management-communications-ontology/d-8583.ashx;Literature Review;;;
Radiation Biology Ontology;RBO;10.1080/09553002.2023.2173823;Portals' Exploration;;;
Radiology Lexicon;RADLEX;"10.1007/s10278-007-9073-0 ; https://docs.google.com/document/d/10zRIBkXyj1eLt3LS_A7w3gSGRedXXoYvucH6H4trCZY/edit?hl=en#";Portals' Exploration;;;
RAMI Vocabulary Ontology;;https://ieeexplore.ieee.org/stamp/stamp.jsp?arnumber=7733503&casa_token=0ve2jEILAusAAAAA:HRetrhbe-W_RYf0vFWxZUjuZD37Hz5wnTOBcU9IJOP01xynsA0AIMeNbhUIt8KtldXCiXxisrl7C&tag=1;Portals' Exploration;;;
Read Clinical Terminology Version 2;RCTV2;10.1136/bmj.300.6732.1092 https://www.researchgate.net/publication/284742447_Comprehensive_Coding;Portals' Exploration;;;
Read Codes, Clinical Terms Version 3 (CTV3);RCD;10.1136/bmj.306.6873.287 https://www.researchgate.net/publication/284742447_Comprehensive_Coding;Portals' Exploration;;;
Reference Ontology for the MAIntenance management domain;ROMAIN;10.3233/AO-190208;Literature Review;;;
RegenBase Ontology;RB;10.1093/database/baw040;Portals' Exploration;;;
Regional Healthcare System Interoperability and Information Exchange Measurement Ontology;HEIO;10.1016/j.jbi.2015.05.020;Portals' Exploration;;;
Relations Ontology;RO;https://oborel.github.io/obo-relations/;Both;;;
REPRODUCE-ME Ontology;REPR;"https://sheeba-samuel.github.io/REPRODUCE-ME/publications.html ; https://sheeba-samuel.github.io/REPRODUCE-ME/doc/index-en.html";Portals' Exploration;;;
ResOnt;;10.1111/1468-5973.12317;Literature Review;;;
Reusable Biodiversity Ontology *;RDO;https://bioportal.bioontology.org/ontologies/RDO/?p=summary;Portals' Exploration;;;
Robert Hoehndorf Version of MeSH;RH-MesH;https://leechuck.de/publications.html;Portals' Exploration;;;
SAREF4AGRI Ontology;SAREF4AGRI;https://www.etsi.org/deliver/etsi_ts/103400_103499/10341006/01.01.02_60/ts_10341006v010102p.pdf;Portals' Exploration;;;
SAREF4ENER Ontology;SAREF4ENER;https://www.etsi.org/deliver/etsi_ts/103400_103499/10341001/01.01.02_60/ts_10341001v010102p.pdf;Literature Review;;;
SAREF4ENVI Ontology;SAREF4ENVI;https://www.etsi.org/deliver/etsi_ts/103400_103499/10341002/01.01.02_60/ts_10341002v010102p.pdf;Portals' Exploration;;;
SAREF4Health Ontology;SAREF4Health;10.3233/AO-200232;Literature Review;;;
SATO (IDEAS expAnded wiTh BCIO);SATO;10.1016/j.jbi.2022.104276;Portals' Exploration;;;
Saudi Linked Open Government Data Ontology;SLOGDO;10.3390/su12208608;Literature Review;;;
Science4SDGs Ontology;;10.5281/zenodo.3567768.;Literature Review;;;
Scientific Evidence and Provenance Information Ontology;SEPIO;"https://ceur-ws.org/Vol-1747/IT605_ICBO2016.pdf ; https://github.com/monarch-initiative/SEPIO-ontology/wiki/";Portals' Exploration;;;
SDG Knowledge Organisation System (KOS) Ontology;SDGO;10.1007/978-3-030-77385-4_33;Literature Review;;;
SDG ontology Visualizer;;https://unece.org/sites/default/files/2022-01/CS%20NO%20The%20ontology%20for%20SDG%20statistics.pdf;Literature Review;;;
SDGs Ontology;;https://e-archivo.uc3m.es/handle/10016/30095;Literature Review;;;
SEAMLESS Ontology: Agricultural Activities Ontology;;10.1007/978-3-642-04590-5_27;Literature Review;;;
SEAMLESS Ontology: APES Model;;10.1007/978-3-642-04590-5_27;Literature Review;;;
SEAMLESS Ontology: Assessment Project Ontology;;10.1007/978-3-642-04590-5_27;Literature Review;;;
SEAMLESS Ontology: CAPRI Model;;10.1007/978-3-642-04590-5_27;Literature Review;;;
SEAMLESS Ontology: Crops and Products Ontology;;10.1007/978-3-642-04590-5_27;Literature Review;;;
SEAMLESS Ontology: Farm Ontology;;10.1007/978-3-642-04590-5_27;Literature Review;;;
SEAMLESS Ontology: Production Enterprise Ontology;;10.1007/978-3-642-04590-5_27;Literature Review;;;
SEMANCO Ontology;;10.1016/j.scs.2014.09.006;Literature Review;;;
Semantic Mining of Activity, Social, and Health data system ontology;SMASH;10.1016/j.ins.2016.08.038;Portals' Exploration;;;
Semantic Sensor Network Ontology;SSN;"10.1016/j.websem.2012.05.003 ; https://w3c.github.io/sdw/ssn-usage/ https://www.w3.org/TR/vocab-ssn/";Both;;;
Semantic Web for Earth and Environment Technology Ontology;SWEET;10.1016/j.cageo.2004.12.004;Both;;;
Semantically-Interlinked Online Communities (SIOC) Core Ontology;SIOC;http://rdfs.org/sioc/spec/;Literature Review;;;
Semanticscience Integrated Ontology;SIO;10.1186/2041-1480-5-14;Portals' Exploration;;;
Sensor, Observation, Sample, and Actuator Ontology;SOSA;"10.2139/ssrn.3248499 ; https://www.w3.org/TR/vocab-ssn/#Developments";Both;;;
Sequence Types and Features Ontology;SO;10.1186/gb-2005-6-5-r44;Both;;;
Service Ecosystems Ontology;;10.1007/978-3-030-38724-2_22;Literature Review;;;
SESAME Ontology;;10.1007/s00287-012-0665-9;Literature Review;;;
Sickle Cell Disease Ontology;SCDO;10.1016/j.atg.2016.03.005;Portals' Exploration;;;
Situation-Based Access Control Ontology;SITBAC;10.1016/j.datak.2011.03.006;Portals' Exploration;;;
Sleep Domain Ontology;SDO;https://docplayer.net/3343845-Developing-a-sleep-domain-ontology.html;Portals' Exploration;;;
Smart Appliances REFerence (SAREF) Ontology;SAREF;10.1007/978-3-319-46547-0_3;Both;;;
Smart Cities & Emergency Management Ontology;;10.1016/j.is.2018.10.005;Literature Review;;;
Smart City Application Ontology for Measuring Multidimensional Urban Poverty;;10.1007/s13132-017-0504-y;Literature Review;;;
Smart City Ontology;;10.18063/JSC.2015.01.001;Literature Review;;;
Smart City Ontology;;10.3390/s141223581;Literature Review;;;
Smart HealthCare Ontology;SHCO;10.1108/IJWIS-05-2020-0027;Literature Review;;;
Smart Home Ontology;;10.3390/s17071586;Literature Review;;;
Smart Home Ontology: Building Ontology;;10.1016/j.enbuild.2011.11.044;Literature Review;;;
Smart Home Ontology: Energy and Resource Ontology;;10.1016/j.enbuild.2011.11.044;Literature Review;;;
Smart Home Ontology: Exterior Ontology;;10.1016/j.enbuild.2011.11.044;Literature Review;;;
Smart Home Ontology: Process Ontology;;10.1016/j.enbuild.2011.11.044;Literature Review;;;
Smart Home Ontology: User Information Ontology;;10.1016/j.enbuild.2011.11.044;Literature Review;;;
Smart Living Ontology;SLO;10.1007/978-3-030-02610-3_21;Literature Review;;;
Smart Self-Sustainable Human Settlements Ontology;SSSHS Ontology;10.3897/jucs.77793;Literature Review;;;
SmartEnv Ontology;;10.3233/SW-180303;Literature Review;;;
Social Determinant of Health Ontolgy;SOHO;10.48550/arXiv.2211.07837;Literature Review;;;
Social Life Cycle Assessment (S-LCA) Ontology;S-LCA Ontology;10.1177/1687814018812277;Literature Review;;;
Social Ontology for Urban Development Projects;;10.1016/j.ijproman.2008.04.003;Literature Review;;;
Social Ontology on Sustainable Development in CUT;;10.1007/978-3-319-47889-0_30;Literature Review;;;
Social Prescribing Ontology;SOCPRES;10.2196/23721;Portals' Exploration;;;
Socio-economic Ontology;SEOnt;"https://hdl.handle.net/10568/122934 ; https://hdl.handle.net/10883/21256";Literature Review;;;
Software Ontology;SWO;10.1186/2041-1480-5-25;Portals' Exploration;;;
SoKNOS Ontology;SoKNOS;10.1007/978-3-642-21064-8_13;Portals' Exploration;;;
Spatial Ontology;BSPO;10.1186/2041-1480-5-34;Portals' Exploration;;;
SSN-based ontology for water quality management the polluters ontology;;https://www.researchgate.net/profile/Edmond-Jajaga/publication/255719225_An_Ontology_Framework_for_Water_Quality_Management/links/55ab818a08aea9946724293b/An-Ontology-Framework-for-Water-Quality-Management.pdf;Literature Review;;;
SSN-based ontology for water quality management: the core ontology;;https://www.researchgate.net/profile/Edmond-Jajaga/publication/255719225_An_Ontology_Framework_for_Water_Quality_Management/links/55ab818a08aea9946724293b/An-Ontology-Framework-for-Water-Quality-Management.pdf;Literature Review;;;
SSN-based ontology for water quality management: the regulations ontology;;https://www.researchgate.net/profile/Edmond-Jajaga/publication/255719225_An_Ontology_Framework_for_Water_Quality_Management/links/55ab818a08aea9946724293b/An-Ontology-Framework-for-Water-Quality-Management.pdf;Literature Review;;;
SSN-based ontology for water quality management: Water expert rules;;https://www.researchgate.net/profile/Edmond-Jajaga/publication/255719225_An_Ontology_Framework_for_Water_Quality_Management/links/55ab818a08aea9946724293b/An-Ontology-Framework-for-Water-Quality-Management.pdf;Literature Review;;;
STAC another security Ontology;;10.1109/iThings.2014.25;Literature Review;;;
Standards Ontology;STO;"10.1145/3442442.3453542 ;https://ieeexplore.ieee.org/stamp/stamp.jsp?arnumber=8247584&casa_token=gCiRbOVJ6UgAAAAA:Lwvk0zQ_ggiNJFoOXaiGPbwrqFZ62vWl0aSfFOI0_DFVNbefp1ST2Rh5BXNoPyewzUCyjzcnDdIY";Literature Review;;;
Statistical Core Vocabulary;SCOVO;10.1007/978-3-642-02121-3_52;Literature Review;;;
Statistics Ontology *;STATO;https://stato-ontology.org/;Portals' Exploration;;;
Stratified lexicon of water-related geophysical and textual data;LEXEAU;https://www.eudat.eu/sites/default/files/JeanLouisJanin.pdf;Portals' Exploration;;;
Strongly Sustainable Business Model Ontology;SSBMO;10.1177/1086026615592933;Literature Review;;;
Structural Geology Ontology;;10.1130/2006.2397(21);Literature Review;;;
Student Health Record Ontology;SHR;https://www.researchgate.net/profile/Hassan-Shojaee-2/publication/308113683_Ontology_for_Student_Health_Record/links/580502f608ae98cb6f2a65f2/Ontology-for-Student-Health-Record.pdf;Portals' Exploration;;;
Study Cohort Ontology;SCO;10.1007/978-3-030-30796-7_4;Portals' Exploration;;;
SuFSeFFactory Ontology;SuFSeF;10.1080/16864360.2014.962432;Literature Review;;;
Suggested Upper Merged Ontology;SUMO;https://www.ontologyportal.org/Pubs.html;Literature Review;;;
Supply Chain Operation Reference (SCOR) Ontology;SCOR;10.1080/17517575.2011.593104;Literature Review;;;
Supply Chain Reference Ontology;SCRO;"10.1115/DETC2019-98278; https://ceur-ws.org/Vol-2900/WS5Paper4.pdf";Literature Review;;;
Supply Chain Traceability Ontology;SCT Ontology;10.1115/1.4054092;Literature Review;;;
Surface Water Ontology;;https://www.cartogis.org/docs/proceedings/2016/Varanka_and_Cheatham.pdf;Literature Review;;;
Surface Water Ontology Pattern;SWOP;10.1007/978-3-319-11593-1_13;Literature Review;;;
Sustainability Assessment Ontology;SAO;10.3390/su10020300;Literature Review;;;
Sustainability Science Ontology;SS Ontology;10.1007/s11625-008-0063-z;Literature Review;;;
Sustainable Building Technology Ontology;SBT Ontology;https://www.arcom.ac.uk/-docs/proceedings/ar2008-627-636_Abanda_and_Tah.pdf;Literature Review;;;
Sustainable Concrete Structure Ontology;OntoSCS;https://orca.cardiff.ac.uk/id/eprint/91138;Literature Review;;;
Sustainable Development and Climate Ontology;SDC Ontology;10.1007/s12145-023-00941-9;Literature Review;;;
Sustainable Development Goals Interface Ontology;SDGIO;https://ceur-ws.org/Vol-1747/IT202_ICBO2016.pdf;Both;;;
Sustainable Entrepreneurship Ontology;SE Ontology;https://scholarspace.manoa.hawaii.edu/server/api/core/bitstreams/7d32c3cd-3c19-4619-9ab3-ce78c41e0ddd/content;Literature Review;;;
Sustainable Suppliers Selection Ontology;;10.3390/electronics11234012;Literature Review;;;
System Biology Ontology;SBO;10.1038/msb.2011.77;Portals' Exploration;;;
System Ontology;;10.1007/978-3-030-93482-8;Literature Review;;;
Systematized Nomenclature of Medicine—Clinical Terms;SNOMED_CT;"10.1093/jamia/ocab084 ; 10.1007/978-981-287-895-3_1";Both;;;
Systematized Nomenclature of Medicine, International Version;SNMI;https://www.nlm.nih.gov/research/umls/sourcereleasedocs/current/SNMI/index.html;Portals' Exploration;;;
Telehealth Smart Home (TSH) system: The Behavior Ontology;;https://ceur-ws.org/Vol-258/paper42.pdf;Literature Review;;;
Telehealth Smart Home (TSH) system: The Decision ontology;;https://ceur-ws.org/Vol-258/paper42.pdf;Literature Review;;;
Telehealth Smart Home (TSH) system: The Habitat Ontology;;https://ceur-ws.org/Vol-258/paper42.pdf;Literature Review;;;
Telehealth Smart Home (TSH) system: The Person And Medical History Ontology;;https://ceur-ws.org/Vol-258/paper42.pdf;Literature Review;;;
Telehealth Smart Home (TSH) system: The Software Applications Ontology;;https://ceur-ws.org/Vol-258/paper42.pdf;Literature Review;;;
Telehealth Smart Home (TSH) system:The Equipment Ontology;;https://ceur-ws.org/Vol-258/paper42.pdf;Literature Review;;;
Telehealth Smart Home (TSH) system:The Task Ontology;;https://ceur-ws.org/Vol-258/paper42.pdf;Literature Review;;;
Teleost Taxonomy Ontology;TTO;10.1111/j.1439-0426.2012.01985.x;Literature Review;;;
Terminology for the Description of Dynamics;TEDDY;"10.1038/msb.2011.77 ; https://github.com/combine-org/combine-specifications/blob/main/specifications/teddy.md";Portals' Exploration;;;
TERritorial Management and INfrastructures ontology for institutional and industrial Usage;TERMINUS;10.1111/1468-5973.12309;Literature Review;;;
Test of aTephra controlled vocabulary for Station to be used for a M4M workshop.;TEPHRAM4MEXAMPLE;https://library.ucsd.edu/dc/object/bb4754512r/_1_1.pdf;Portals' Exploration;;;
The Financial Industry Business Ontology;FIBO;https://ceur-ws.org/Vol-3337/semrec_paper1.pdf;Literature Review;;;
The Gas and Oil Ontology; ;https://www.iso.org/standard/70694.html;Literature Review;;;
Semantically Integrated Manufacturing Planning Model; SIMPM;10.1016/j.rcim.2018.04.002;Literature Review;;;
The Ontology of the Decision Support System (DSS) for Biorefinery Eco-efficiency Comparison;;10.1016/j.compag.2016.06.020;Literature Review;;;
The Ontology of the Sustainable Energy Development Domain;;10.1109/CISIS.2009.186;Literature Review;;;
The Ontology to describe (Key) Performance Indicators;KPIOnto;10.1016/j.future.2015.04.011;Literature Review;;;
Thesaurus for Animal Physiology and Livestock Systems;TRIPHASE;https://hal.inrae.fr/hal-02630830/document;Portals' Exploration;;;
Thesaurus for long-term ecological research, monitoring, experiments;EnvThes;http://enviroinfo.eu/sites/default/files/pdfs/vol7995/0824.pdf;Portals' Exploration;;;
Thesaurus to define land management practices in agriculture and forestry for soil carbon storage;DATA4CPLUS;10.5194/soil-9-89-2023;Portals' Exploration;;;
ThinkHome ontology;;10.1155/2011/104617;Literature Review;;;
Toronto Virtual Enterprise;TOVE;10.1007/bfb0024952;Literature Review;;;
Towntology;;10.1007/978-3-540-71976-2_13;Literature Review;;;
Toxic Process Ontology;TXPO;10.1038/s41598-020-71370-7;Portals' Exploration;;;
Transport Disruption Ontology;;10.1007/978-3-319-25010-6_22.pdf;Literature Review;;;
Trust Ontology;;10.1145/1151454.1151499;Literature Review;;;
Uberon Multi-species Anatomy Ontology;UBERON;10.1186/gb-2012-13-1-r5;Both;;;
UCE Data Use Ontology;;10.1016/j.xgen.2021.100028;Literature Review;;;
Unit of Measurement Ontology;UO;10.1093/database/bas033;Portals' Exploration;;;
Urban District Sustainability Assessment Ontology;USDA Ontology;10.1016/j.advengsoft.2019.102731;Literature Review;;;
Urban Energy Systems (UES) Ontology;UES ontology;"10.1596/978-0-8213-8104-5 ; https://www.researchgate.net/publication/255625483_SynCity_An_integrated_tool_kit_for_urban_energy_systems_modelling";Literature Review;;;
Urban Heat Island Mitigation Strategies (UHIMS) Ontology;UHIMS;10.1016/j.scs.2019.101875;Literature Review;;;
Venom Ontology;CU-VO;27570672;Portals' Exploration;;;
Vertebrate Breed Ontology;VBO;https://icbo-conference.github.io/icbo2022/papers/ICBO-2022_paper_1882.pdf;Portals' Exploration;;;
Vertebrate Taxonomy Ontology;VTO;10.1186/2041-1480-4-34;Both;;;
VODANA Migrants;MNV;https://www.vodan-totafrica.info/vodan-africa.php?i=13&a=publications;Portals' Exploration;;;
VODANA MIGRANTS VOCABULARY;VODANA-MIGRANT;https://www.vodan-totafrica.info/vodan-africa.php?i=13&a=publications;Portals' Exploration;;;
VODANATERMS;VODANA-GENERAL;https://www.vodan-totafrica.info/vodan-africa.php?i=13&a=publications;Portals' Exploration;;;
Vulnerability Upper Model;VUM;10.1111/1468-5973.12309;Literature Review;;;
Whole-Cell modeling ontology;WC;https://buildmedia.readthedocs.org/media/pdf/intro-to-wc-modeling/latest/intro-to-wc-modeling.pdf;Portals' Exploration;;;
wInD Energy Models Taxonomy;IDEM;10.5281/zenodo.1199488.;Portals' Exploration;;;
XEML Environment Ontology;XEO;10.1111/j.1365-3040.2009.01964.x;Portals' Exploration;;;
Yet-Another More Advanced Top-level Ontology;YAMATO;"https://www.hozo.jp/onto_library/YAMATO101216.pdf ; 10.3233/AO-210257 ; https://www.hozo.jp/onto_library/AO-YAMATO_final.pdf ; https://www.hozo.jp/onto_library/upperOnto.htm";Literature Review;;;
Zero Defect Manufacturing (ZDM) Ontology;ZDM Ontology;10.1016/j.compind.2022.103832;Literature Review;;;
ZonMW COVID-19;ZONMW-CONTENT;"https://github.com/fair-data-collective/zonmw-covid19-vocabulary ; https://indico.neic.no/event/205/attachments/287/492/FAIRification-STEP4%20Magagna.pdf";Portals' Exploration;;;
