Term_Name;Term_IRI;Parent Onto;;;;;
Adaptive Behavior Phenotype;http://purl.org/autism-ontology/1.0/autism-core.owl#AUTISMC1000054;ADAR;;;;;
Communication Capability;http://purl.org/autism-ontology/1.0/autism-core.owl#AUTISMC1000022;ADAR;;;;;
Social;http://www.owl-ontologies.com/unnamed.owl#Social;ADW;;;;;
Temporal Reference System;http://www.w3.org/2006/time#TRS;AFEO;;;;;
Antonyms, Antonyymit, Antonymer;http://www.yso.fi/onto/yso/p6806;AFO;;;;;
Antonymy, Antonymia, Antonymi;http://www.yso.fi/onto/yso/p22804;AFO;;;;;
Capabilities, Kyvykkyys, Förmåga;http://www.yso.fi/onto/yso/p17168;AFO;;;;;
Capability Of Cooperation, Yhteistyökyky, Samarbetsförmåga;http://www.yso.fi/onto/yso/p10592;AFO;;;;;
Capital, Förmögenhet, Varallisuus;http://www.yso.fi/onto/yso/p3901;AFO;;;;;
Dynamiikka, Dynamics, Dynamik;http://www.yso.fi/onto/yso/p4095;AFO;;;;;
Ecosystem services, Ekosysteemipalvelut;http://www.yso.fi/onto/afo/p7595;AFO;;;;;
Ecosystems;http://www.yso.fi/onto/yso/p4997;AFO;;;;;
Ecosystems, Ekosysteemit;http://www.yso.fi/onto/afo/p1238;AFO;;;;;
Educational Need, Utbildningsbehov, Koulutustarve;http://www.yso.fi/onto/yso/p9233;AFO;;;;;
Ekologisk Hållbarhet, Environmental Sustainability, Ekologinen Kestävyys;http://www.yso.fi/onto/yso/p21004;AFO;;;;;
Group Dynamics, Gruppdynamik, Ryhmädynamiikka;http://www.yso.fi/onto/yso/p14765;AFO;;;;;
Hållbar Användning, Kestävä Käyttö, Sustainable Use;http://www.yso.fi/onto/yso/p21003;AFO;;;;;
Homonyms, Homonyymit, Homonymer;http://www.yso.fi/onto/yso/p6807;AFO;;;;;
Homonymy, Homonymi, Homonymia;http://www.yso.fi/onto/yso/p22803;AFO;;;;;
Human capital;http://www.yso.fi/onto/yso/p9328;AFO;;;;;
Meaning, Merkitys (Ominaisuudet), Mening;http://www.yso.fi/onto/yso/p7010;AFO;;;;;
Needs, Behov (Brist), Tarpeet (Puute);http://www.yso.fi/onto/yso/p4176;AFO;;;;;
Network Marketing;http://www.yso.fi/onto/yso/p17187;AFO;;;;;
Networks, Nätverk, Verkostot;http://www.yso.fi/onto/yso/p5570;AFO;;;;;
Polysemes, Polysema Ord, Polyseemit;http://www.yso.fi/onto/yso/p6803;AFO;;;;;
Polysemy, Polysemi, Polysemia;http://www.yso.fi/onto/yso/p22806;AFO;;;;;
Population Dynamics, Populationsdynamik, Populaatiodynamiikka;http://www.yso.fi/onto/yso/p23558;AFO;;;;;
Social capital, Sosiaalinen Pääoma, Socialt Kapital;http://www.yso.fi/onto/yso/p8998;AFO;;;;;
Social Sustainability;http://www.yso.fi/onto/yso/p21005;AFO;;;;;
Sustainability;http://www.yso.fi/onto/yso/p3585;AFO;;;;;
Sustainable Consumption, Hållbar Konsumtion, Kestävä Kulutus;http://www.yso.fi/onto/yso/p24202;AFO;;;;;
Sustainable Development, Kestävä Kehitys, Hållbar Utveckling;http://www.yso.fi/onto/yso/p8470;AFO;;;;;
Synonyms, Synonymer, Synonyymit;http://www.yso.fi/onto/yso/p6805;AFO;;;;;
Synonymy, Synonymia, Synonymi;http://www.yso.fi/onto/yso/p22805;AFO;;;;;
Vakaus, Sustainability, Stabilitet;https://finto.fi/yso/fi/page/p3585;AFO;;;;;
Well-being At Work;http://www.yso.fi/onto/yso/p1835;AFO;;;;;
Artificial System;http://purl.allotrope.org/ontologies/equipment#AFE_0002158;AFO (Allotrope Merged Ontology Suite);;;;;
Capability Proposition;http://purl.allotrope.org/ontologies/result#AFR_0001103;AFO (Allotrope Merged Ontology Suite);;;;;
Capability Specification;http://purl.allotrope.org/ontologies/result#AFR_0000976;AFO (Allotrope Merged Ontology Suite);;;;;
Device System;http://purl.allotrope.org/ontologies/equipment#AFE_0000074;AFO (Allotrope Merged Ontology Suite);;;;;
Measuring System;http://purl.allotrope.org/ontologies/equipment#AFE_0002141;AFO (Allotrope Merged Ontology Suite);;;;;
Natural Material;http://purl.allotrope.org/ontologies/material#AFM_0000877;AFO (Allotrope Merged Ontology Suite);;;;;
Natural System;http://purl.allotrope.org/ontologies/material#AFM_0001059;AFO (Allotrope Merged Ontology Suite);;;;;
Plumbing System;http://purl.allotrope.org/ontologies/equipment#AFE_0002153;AFO (Allotrope Merged Ontology Suite);;;;;
Pump System;http://purl.allotrope.org/ontologies/equipment#AFE_0002177;AFO (Allotrope Merged Ontology Suite);;;;;
Specified Capability;http://purl.allotrope.org/ontologies/role#AFRL_0000067;AFO (Allotrope Merged Ontology Suite);;;;;
Subsystem Role;http://purl.allotrope.org/ontologies/role#AFRL_0000102;AFO (Allotrope Merged Ontology Suite);;;;;
System Role;http://purl.allotrope.org/ontologies/role#AFRL_0000101;AFO (Allotrope Merged Ontology Suite);;;;;
Sustainable Agriculture Process;http://purl.obolibrary.org/obo/AGRO_00000515;AgrO;;;;;
Capital;http://aims.fao.org/aos/agrovoc/c_1271;AGROVOC;;;;;
Dynamic Topography;http://aims.fao.org/aos/agrovoc/c_1810e50d;AGROVOC;;;;;
Dynamical Oceanography;http://aims.fao.org/aos/agrovoc/c_8e092706;AGROVOC;;;;;
Dynamics;http://aims.fao.org/aos/agrovoc/c_330860;AGROVOC;;;;;
Ecological Footprint;http://aims.fao.org/aos/agrovoc/c_423ff1cb;AGROVOC;;;;;
Ecological Succession;http://aims.fao.org/aos/agrovoc/c_2464;AGROVOC;;;;;
Ecosystem;http://www.fao.org/aims/aos/cwr.owl#Ecosystem;AGROVOC;;;;;
Ecosystem Conservation;http://aims.fao.org/aos/agrovoc/c_1d694512;AGROVOC;;;;;
Ecosystem Disturbance;http://aims.fao.org/aos/agrovoc/c_4549f84e;AGROVOC;;;;;
Ecosystems;http://aims.fao.org/aos/agrovoc/c_2482;AGROVOC;;;;;
Goal 3 Good Health And Well-being;http://aims.fao.org/aos/agrovoc/c_c8a1b1b5;AGROVOC;;;;;
Human capital;http://aims.fao.org/aos/agrovoc/c_71735c3f;AGROVOC;;;;;
Land Suitability;http://aims.fao.org/aos/agrovoc/c_15992;AGROVOC;;;;;
Millenium Development Goals (MDGs);http://aims.fao.org/aos/agrovoc/c_76875d83;AGROVOC;;;;;
Natural Capital;http://aims.fao.org/aos/agrovoc/c_dfe84e21;AGROVOC;;;;;
Needs;http://aims.fao.org/aos/agrovoc/c_331039;AGROVOC;;;;;
Network Analysis;http://aims.fao.org/aos/agrovoc/c_5144;AGROVOC;;;;;
Networks;http://aims.fao.org/aos/agrovoc/c_50266;AGROVOC;;;;;
Reference Levels;http://aims.fao.org/aos/agrovoc/c_a0d825b0;AGROVOC;;;;;
Resilience;http://aims.fao.org/aos/agrovoc/c_1374480530924;AGROVOC;;;;;
Social Capital;http://aims.fao.org/aos/agrovoc/c_406be8a2;AGROVOC;;;;;
Social Policy;http://aims.fao.org/aos/agrovoc/c_7132;AGROVOC;;;;;
Sustainability;http://aims.fao.org/aos/agrovoc/c_33560;AGROVOC;;;;;
Sustainable Development;http://aims.fao.org/aos/agrovoc/c_35332;AGROVOC;;;;;
Sustainable Development Goals (SDGs);http://aims.fao.org/aos/agrovoc/c_013b16cd;AGROVOC;;;;;
Sustainable Living;http://aims.fao.org/aos/agrovoc/c_8c40ab73;AGROVOC;;;;;
Ecological Fallacy Bias;https://w3id.org/aio/Ecological_Fallacy_Bias;AIO;;;;;
Network;https://w3id.org/aio/Network;AIO;;;;;
Crop Development;http://opendata.inra.fr/anaeeThes/c_1442245968768;ANAEEThes;;;;;
Dynamics;http://opendata.inra.fr/anaeeThes/c_1406134554462;AnaEEThes;;;;;
Ecosystem;http://opendata.inra.fr/anaeeThes/c_1402038921919;AnaEEThes;;;;;
Information System;http://opendata.inra.fr/anaeeThes/c_1403018120212;AnaEEThes;;;;;
Natural Environment;http://opendata.inra.fr/anaeeThes/c_1403017158781;ANAEEThes;;;;;
Network;http://opendata.inra.fr/anaeeThes/c_74cc5373;AnaEEThes;;;;;
Vegetation Dynamic;http://opendata.inra.fr/anaeeThes/c_0428f704;ANAEEThes;;;;;
System;http://data.ifpri.org/lod/at/resource/System;ANT;;;;;
Adaptive Behavior;http://ontology.apa.org/apaonto/termsonlyOUT%20(5).owl#Adaptive_Behavior;APAONTO;;;;;
Built Environment;http://ontology.apa.org/apaonto/termsonlyOUT%20(5).owl#Built_Environment;APAONTO;;;;;
Cognitive Complexity;http://ontology.apa.org/apaonto/termsonlyOUT%20(5).owl#Cognitive_Complexity;APAONTO;;;;;
Ecological factors;http://ontology.apa.org/apaonto/termsonlyOUT%20(5).owl#Ecological_Factors;APAONTO;;;;;
Group Dynamics;http://ontology.apa.org/apaonto/termsonlyOUT%20(5).owl#Group_Dynamics;APAONTO;;;;;
Human Capital;http://ontology.apa.org/apaonto/termsonlyOUT%20(5).owl#Human_Capital;APAONTO;;;;;
Meaning;http://ontology.apa.org/apaonto/termsonlyOUT%20(5).owl#Meaning;APAONTO;;;;;
Need Satisfation;http://ontology.apa.org/apaonto/termsonlyOUT%20(5).owl#Need_Satisfaction;APAONTO;;;;;
Resilience (Psychological);http://ontology.apa.org/apaonto/termsonlyOUT%20(5).owl#Resilience_(Psychological);APAONTO;;;;;
Social Capital;http://ontology.apa.org/apaonto/termsonlyOUT%20(5).owl#Social_Capital;APAONTO;;;;;
Sustainable Development;http://ontology.apa.org/apaonto/termsonlyOUT%20(5).owl#Sustainable_Development;APAONTO;;;;;
Venture Capital;http://ontology.apa.org/apaonto/termsonlyOUT%20(5).owl#Venture_Capital;APAONTO;;;;;
Well Being;http://ontology.apa.org/apaonto/termsonlyOUT%20(5).owl#Well_Being;APAONTO;;;;;
Abiotic Ecosystem;http://purl.obolibrary.org/obo/APOLLO_SV_00000100;APOLLO_SV;;;;;
Abiotic Ecosystem Census;http://purl.obolibrary.org/obo/APOLLO_SV_00000309;APOLLO_SV;;;;;
Abiotic Ecosystem Data Set;http://purl.obolibrary.org/obo/APOLLO_SV_00000593;APOLLO_SV;;;;;
Abiotic Ecosystem Element;http://purl.obolibrary.org/obo/APOLLO_SV_00000220;APOLLO_SV;;;;;
Agent-level Ecosystem Census;http://purl.obolibrary.org/obo/APOLLO_SV_00000165;APOLLO_SV;;;;;
Agent-level Ecosystem Data Generation;http://purl.obolibrary.org/obo/APOLLO_SV_00000164;APOLLO_SV;;;;;
Atmospheric Data Set;http://purl.obolibrary.org/obo/APOLLO_SV_00000594;APOLLO_SV;;;;;
Biotic Ecosystem;http://purl.obolibrary.org/obo/APOLLO_SV_00000104;APOLLO_SV;;;;;
Community;http://purl.obolibrary.org/obo/APOLLO_SV_00000094;APOLLO_SV;;;;;
Contaminated Abiotic Thing;http://purl.obolibrary.org/obo/APOLLO_SV_00000571;APOLLO_SV;;;;;
Control Strategy Census;http://purl.obolibrary.org/obo/APOLLO_SV_00000604;APOLLO_SV;;;;;
Disease Surveillance Capability;http://purl.obolibrary.org/obo/APOLLO_SV_00000266;APOLLO_SV;;;;;
Ecosystem;http://purl.obolibrary.org/obo/APOLLO_SV_00000097;APOLLO_SV;;;;;
Fermented Prebiotic Dietary Supplement AferBio;http://purl.obolibrary.org/obo/NCIT_C156736;NCIT;;;;;
Infection In Ecosystem;http://purl.obolibrary.org/obo/APOLLO_SV_00000306;APOLLO_SV;;;;;
Infection In Population;http://purl.obolibrary.org/obo/APOLLO_SV_00000331;APOLLO_SV;;;;;
Infectious disease control strategy to prevent infection acquisition by individuals traveling from one ecosystem to another ecosystem;http://purl.obolibrary.org/obo/APOLLO_SV_00000486;APOLLO_SV;;;;;
Infectious Disease Forecast Objective Specification;http://purl.obolibrary.org/obo/APOLLO_SV_00000581;APOLLO_SV;;;;;
Infectious Disease Nowcast Objective Specification;http://purl.obolibrary.org/obo/APOLLO_SV_00000582;APOLLO_SV;;;;;
Infectious Disease Scenario;http://purl.obolibrary.org/obo/APOLLO_SV_00000184;APOLLO_SV;;;;;
MIDAS Scenario Representation;http://purl.obolibrary.org/obo/APOLLO_SV_00000162;APOLLO_SV;;;;;
Network Model;http://purl.obolibrary.org/obo/APOLLO_SV_00000612;APOLLO_SV;;;;;
Population And Environment Census;http://purl.obolibrary.org/obo/APOLLO_SV_00000188;APOLLO_SV;;;;;
Population Dynamics Model;http://purl.obolibrary.org/obo/APOLLO_SV_00000540;APOLLO_SV;;;;;
Prospective Infectious Disease Nowcast;http://purl.obolibrary.org/obo/APOLLO_SV_00000585;APOLLO_SV;;;;;
Simulator Configuration;http://purl.obolibrary.org/obo/APOLLO_SV_00000179;APOLLO_SV;;;;;
Susceptible-Exposed-Infectious-Recovered Model;http://purl.obolibrary.org/obo/APOLLO_SV_00000551;APOLLO_SV;;;;;
Susceptible-Infected-Resistant Model;http://purl.obolibrary.org/obo/APOLLO_SV_00000549;APOLLO_SV;;;;;
Susceptible-Infected-Susceptible Model;http://purl.obolibrary.org/obo/APOLLO_SV_00000548;APOLLO_SV;;;;;
Synthetic Ecosystem Constructor;http://purl.obolibrary.org/obo/APOLLO_SV_00000567;APOLLO_SV;;;;;
Synthetic Ecosystem Data Set;http://purl.obolibrary.org/obo/APOLLO_SV_00000528;APOLLO_SV;;;;;
Traitement Surveillance Capability;http://purl.obolibrary.org/obo/APOLLO_SV_00000394;APOLLO_SV;;;;;
Trasmission Tree;http://purl.obolibrary.org/obo/APOLLO_SV_00000403;APOLLO_SV;;;;;
Travel Recommendation Control Strategy;http://purl.obolibrary.org/obo/APOLLO_SV_00000487;APOLLO_SV;;;;;
Travel Restriction Control Strategy;http://purl.obolibrary.org/obo/APOLLO_SV_00000231;APOLLO_SV;;;;;
Travel-related Infectious Disease Control Strategy;http://purl.obolibrary.org/obo/APOLLO_SV_00000486;APOLLO_SV;;;;;
Analytic Capability;http://cbmi.med.harvard.edu/asdphenotype#Class_165;ASDPTO;;;;;
Skill In Understanding Non-Literal Meaning;http://cbmi.med.harvard.edu/asdphenotype#Class_192;ASDPTO;;;;;
Adaptive Radiation;http://www.projecthalo.com/aura#Adaptive-Radiation;AURA;;;;;
Ecological Model;http://www.projecthalo.com/aura#Ecological-Model;AURA;;;;;
Ecosystem;http://www.projecthalo.com/aura#Ecosystem;AURA;;;;;
Growth;http://www.projecthalo.com/aura#Growth;AURA;;;;;
Population-dynamics;http://www.projecthalo.com/aura#Population-Dynamics;AURA;;;;;
Structural-Complexity-Scale;http://www.projecthalo.com/aura#Structural-Complexity-Scale;AURA;;;;;
Sustainable Development;http://www.projecthalo.com/aura#Sustainable-Development;AURA;;;;;
Measurement Capability;http://purl.oclc.org/NET/ssnx/ssn#MeasurementCapability;AWS;;;;;
Network Analysis;http://www.bioassayontology.org/bao#BAO_0002361;BAO;;;;;
Capability;https://w3id.org/BCI-ontology#Context.Capability;BCI-O;;;;;
Attention Self-regulation Capability;http://humanbehaviourchange.org/ontology/BCIO_050214;BCIO;;;;;
Behavioural Capability;http://humanbehaviourchange.org/ontology/BCIO_050215;BCIO;;;;;
Behavioural Self-regulation Capability;http://humanbehaviourchange.org/ontology/BCIO_006006;BCIO;;;;;
Belief About Health Consequences Of Behaviour;http://humanbehaviourchange.org/ontology/BCIO_050219;BCIO;;;;;
Belief About Likelihood Of Health Consequences Of Behaviour;http://humanbehaviourchange.org/ontology/BCIO_006025;BCIO;;;;;
Belief About Need Satisfaction;http://humanbehaviourchange.org/ontology/BCIO_006144;BCIO;;;;;
Belief About Social Support;http://humanbehaviourchange.org/ontology/BCIO_006146;BCIO;;;;;
Cognitive Self-regulation Capability;http://humanbehaviourchange.org/ontology/BCIO_006007;BCIO;;;;;
Comprehension;http://humanbehaviourchange.org/ontology/BCIO_006110;BCIO;;;;;
Emotional Self-regulation Capability;http://humanbehaviourchange.org/ontology/BCIO_006008;BCIO;;;;;
Family Environmental System;http://humanbehaviourchange.org/ontology/BCIO_006002;BCIO;;;;;
Friendship Network;http://humanbehaviourchange.org/ontology/BCIO_006003;BCIO;;;;;
Fundamental Need-based Motivation;http://humanbehaviourchange.org/ontology/BCIO_006308;BCIO;;;;;
Health-related Behaviour;http://humanbehaviourchange.org/ontology/BCIO_050437;BCIO;;;;;
Healthcare Access;http://humanbehaviourchange.org/ontology/BCIO_006088;BCIO;;;;;
Life Enhancement Function;https://bciosearch.org/BCIO_036018;BCIO;;;;;
Mental Skill;http://humanbehaviourchange.org/ontology/BCIO_006004;BCIO;;;;;
Need For A Sense Of Belonging And Attachment;http://humanbehaviourchange.org/ontology/BCIO_006068;BCIO;;;;;
Need For A Sense Of Safety;http://humanbehaviourchange.org/ontology/BCIO_006067;BCIO;;;;;
Need For Autonomy;http://humanbehaviourchange.org/ontology/BCIO_006065;BCIO;;;;;
Need For Self-esteem;http://humanbehaviourchange.org/ontology/BCIO_006066;BCIO;;;;;
Need To Feel Competent;http://humanbehaviourchange.org/ontology/BCIO_006069;BCIO;;;;;
Non-linguistic Communication Behaviour;http://humanbehaviourchange.org/ontology/BCIO_050238;BCIO;;;;;
Physical Behavioural Capability;http://humanbehaviourchange.org/ontology/BCIO_006009;BCIO;;;;;
Physical Skill;http://humanbehaviourchange.org/ontology/BCIO_006010;BCIO;;;;;
Professional Network;http://humanbehaviourchange.org/ontology/BCIO_050213;BCIO;;;;;
Psychological Need;http://humanbehaviourchange.org/ontology/BCIO_006064;BCIO;;;;;
Self-regulation Capability;http://humanbehaviourchange.org/ontology/BCIO_006005;BCIO;;;;;
Self-regulatory Skill;http://humanbehaviourchange.org/ontology/BCIO_050222;BCIO;;;;;
Social Behavioural Capability;http://humanbehaviourchange.org/ontology/BCIO_006011;BCIO;;;;;
Social Environmental System;http://humanbehaviourchange.org/ontology/BCIO_006001;BCIO;;;;;
Social Skill;http://humanbehaviourchange.org/ontology/BCIO_006012;BCIO;;;;;
Socio Demographic Attribute Of Person Source;http://humanbehaviourchange.org/ontology/BCIO_010108;BCIO;;;;;
Subjective Need;http://humanbehaviourchange.org/ontology/BCIO_050316;BCIO;;;;;
Resilience;http://purl.obolibrary.org/obo/ID_0000015;BCTEO;;;;;
Adaptative Strategy;http://data.loterre.fr/ark:/67375/BLH-L1PDS193-G;BIODIVTHES;;;;;
Adaptive Value;http://data.loterre.fr/ark:/67375/BLH-WN40QP9X-2;BIODIVTHES;;;;;
Biocomplexity;http://data.loterre.fr/ark:/67375/BLH-ZSW2TBKG-D;BIODIVTHES;;;;;
Bottom-up Regulation;http://data.loterre.fr/ark:/67375/BLH-TX4VM9KZ-7;BIODIVTHES;;;;;
Ecological Resilience;http://data.loterre.fr/ark:/67375/BLH-RNSMBMMC-V;BIODIVTHES;;;;;
Ecological System;http://data.loterre.fr/ark:/67375/BLH-D9H9P3K5-3;BIODIVTHES;;;;;
Ecosystem;http://data.loterre.fr/ark:/67375/BLH-B3J010NP-K;BIODIVTHES;;;;;
Ecosystem Approach;http://data.loterre.fr/ark:/67375/BLH-RXV4N73K-Q;BIODIVTHES;;;;;
Ecosystem Dynamics;http://data.loterre.fr/ark:/67375/BLH-KBTW7GQJ-P;BIODIVTHES;;;;;
Food Security;http://data.loterre.fr/ark:/67375/BLH-H5SSFLMS-1;BIODIVTHES;;;;;
Interaction Network;http://data.loterre.fr/ark:/67375/BLH-DTBR8MMR-T;BIODIVTHES;;;;;
Natural Resource;http://data.loterre.fr/ark:/67375/BLH-Q9GVDZ8G-L;BIODIVTHES;;;;;
Sustainable Development;http://data.loterre.fr/ark:/67375/BLH-WH1KDSK8-5;BIODIVTHES;;;;;
Socio Economic Status;http://bioontology.org/projects/ontologies/birnlex#birnlex_3048;BIRNLEX;;;;;
Ecosystem;http://www.owl-ontologies.com/BiodiversityOntologyFull.owl#Ecosystem;BOF;;;;;
Network Characterization;http://bioontology.org/ontologies/BiomedicalResourceOntology.owl#Network_Characterization;BRO;;;;;
System;http://purl.obolibrary.org/obo/BSA_0000049;BSAO;;;;;
Ecological Interest Area;http://www.elzeard.co/ontologies/c3po/plot#EcologicalInterestArea;C3PO;;;;;
System;http://cbo.biocomplexity.indiana.edu/svn/cbo/trunk/CBO_1_1_2.owl#System;CBO;;;;;
Community Dynamics;http://cerrado.linkeddata.es/ecology/ccon#ComunityDynamics;CCON;;;;;
Ecological Phenomena;http://www.fao.org/aims/aos/cwr.owl#EcologicalPhenomena;CCON;;;;;
Population Dynamics;http://cerrado.linkeddata.es/ecology/ccon#PopulationDynamicss;CCON;;;;;
Network;http://purl.obolibrary.org/obo/CDAO_0000006;CDAO;;;;;
Capability;http://semanticscience.org/resource/Capability;CHEAR;;;;;
Complexity Descriptor;http://semanticscience.org/resource/CHEMINF_000219;CHEMINF;;;;;
Dynamic Range;http://purl.obolibrary.org/obo/CHMO_0002848;CHMO;;;;;
Network;http://mmisw.org/ont/Technology/ComputerNetworks/Network;CN;;;;;
Network Model;http://purl.org/incf/ontology/Computational_Neurosciences/cno_alpha.owl#cno_0000010;CNO;;;;;
Disease Development;http://purl.obolibrary.org/obo/CO_715_0000138;CO_715;;;;;
Ecosystem;http://purl.obolibrary.org/obo/CO_715_0000129;CO_715;;;;;
Adaptive Control;file:/srv/ncbo/repository/COGAT/8/cogat.owl#trm_4a3fd79d09764;COGAT;;;;;
Lexical Ambiguity;file:/srv/ncbo/repository/COGAT/8/cogat.owl#trm_4a3fd79d0b81b;COGAT;;;;;
Meaning;file:/srv/ncbo/repository/COGAT/8/cogat.owl#trm_4a3fd79d0a86e;COGAT;;;;;
Relational Complexity;file:/srv/ncbo/repository/COGAT/8/cogat.owl#cnt_50200ddfae9f9;COGAT;;;;;
Semantic Network;file:/srv/ncbo/repository/COGAT/8/cogat.owl#trm_51838baad343e;COGAT;;;;;
Social;file:/srv/ncbo/repository/COGAT/8/cogat.owl#cnt_5298ed5f7af62;COGAT;;;;;
Urgent Need;http://purl.obolibrary.org/obo/COVOC_0050072;COVOC;;;;;
Adaptive Behavoir Services;http://purl.bioontology.org/ontology/CPT/1035132;CPT;;;;;
Health And Well-Being Coaching;http://purl.bioontology.org/ontology/CPT/1035632;CPT;;;;;
Ecosystem;http://purl.bioontology.org/ontology/CSP/4000-0170;CRISP;;;;;
Health/Scientific Organisation;http://purl.bioontology.org/ontology/CPT/1035632;CRISP;;;;;
Adaptive Design;http://www.co-ode.org/ontologies/ont.owl#Adaptive_design;CTO-NDD;;;;;
Sustainable Rice IntensIfication;http://data4c-plus.net/admin/thesaurus/read/95;DATA4CPLUS;;;;;
Adaptive Filtering;http://dicom.nema.org/resources/ontology/DCM/123102;DCM;;;;;
Equivalent Meaning of Concept Name;http://dicom.nema.org/resources/ontology/DCM/121050;DCM;;;;;
Equivalent Meaning of Value;http://dicom.nema.org/resources/ontology/DCM/121051;DCM;;;;;
Machine Capability License Expired;http://dicom.nema.org/resources/ontology/DCM/130467;DCM;;;;;
Network;http://www.semanticweb.org/osnathakimi/ontologies/deb#Network;DEB;;;;;
Disease Driver;http://purl.obolibrary.org/obo/DISDRIV_0000000;DISDRIV;;;;;
Ecological Perturbation;http://purl.obolibrary.org/obo/ExO_0000007;DISDRIV;;;;;
Unmet Need;http://www.semanticweb.org/zhenyuzhang/ontologies/2019/8/nonpharmacological-intervention-for-agitation-in-dementia-ontology/UnmetNeed;DRANPTO;;;;;
Need For Interpreter;http://www.semanticweb.org/zhenyuzhang/ontologies/2021/DREAMDNPTO#NeedForInterpreter;DREAMDNPTO;;;;;
Need For Interpreter;http://www.semanticweb.org/zhenyuzhang/ontologies/2020/DRPSNPTO/NeedForInterpreter;DRPSNPTO;;;;;
Capability;http://www.semanticweb.org/tswheeler/ontologies/2016/3/EmpowerBP#Capability;EBP;;;;;
Biological System Reconstruction Evidence;http://purl.obolibrary.org/obo/ECO_0000088;ECO;;;;;
Ecosystem;http://purl.dataone.org/odo/ECSO_00000309;ECSO;;;;;
Growth;http://purl.dataone.org/odo/ECSO_00000540;ECSO;;;;;
Biodiversity;http://edamontology.org/topic_3050;EDAM;;;;;
Drug Development;http://edamontology.org/topic_3373;EDAM;;;;;
Dynamical Systems;http://edamontology.org/topic_3315;EDAM;;;;;
Ecological Data;http://edamontology.org/data_3736;EDAM;;;;;
Ecological Modelling;http://edamontology.org/operation_3946;EDAM;;;;;
Ecology;http://edamontology.org/topic_0610;EDAM;;;;;
Network Analysis;http://edamontology.org/operation_3927;EDAM;;;;;
Network Visualization;http://edamontology.org/operation_3925;EDAM;;;;;
Pathway or Network Identifier;http://edamontology.org/data_1082;EDAM;;;;;
Pathway or Network Name;http://edamontology.org/data_2342;EDAM;;;;;
Pathway or Network Report;http://edamontology.org/data_2984;EDAM;;;;;
System Metadata;http://edamontology.org/data_3106;EDAM;;;;;
Systems Biology;http://edamontology.org/topic_2259;EDAM;;;;;
Systems Medicine;http://edamontology.org/topic_3396;EDAM;;;;;
Pathway or Network;http://edamontology.org/data_26000;EDAM;;;;;
Pathway or Network Accession;http://edamontology.org/data_2365;EDAM;;;;;
Adaptive Thresholding;http://edamontology.org/operation_Adaptative_thresholding;EDAM-BIOIMAGING;;;;;
Adaptive Design;http://ontologies.dbmi.pitt.edu/edda/StudyDesigns.owl#adaptive_design;EDDA;;;;;
Ecological Study;http://ontologies.dbmi.pitt.edu/edda/StudyDesigns.owl#ecological_study;EDDA;;;;;
Bovine Respiratory Disease Complex;http://www.ebi.ac.uk/efo/EFO_0007180;EFO;;;;;
Psychological Resilience Measurement;http://www.ebi.ac.uk/efo/EFO_0009945;EFO;;;;;
Social Deprivation;http://www.ebi.ac.uk/efo/EFO_0009696;EFO;;;;;
Syntactic Complexity Measurement;http://www.ebi.ac.uk/efo/EFO_0007799;EFO;;;;;
Wellbeing Measurement;http://www.ebi.ac.uk/efo/EFO_0007869;EFO;;;;;
Network;http://vocabs.lter-europe.net/elter_cl/10324;eLTER_CL;;;;;
Socio-ecological Reference Area;http://vocabs.lter-europe.net/elter_cl/10495;eLTER_CL;;;;;
Active Agri-ecosystem Management Process;http://purl.obolibrary.org/obo/ENVO_01001499;EnvO;;;;;
Active Ecosystem Management Process;http://purl.obolibrary.org/obo/ENVO_01001170;EnvO;;;;;
Afforestation;http://purl.obolibrary.org/obo/ENVO_02500011;EnvO;;;;;
Agricultural Ecosystem;http://purl.obolibrary.org/obo/ENVO_00000077;EnvO;;;;;
Agricultural Landscape Diversification Process;http://purl.obolibrary.org/obo/ENVO_01001634;EnvO;;;;;
Agricultural Specialisation Process;http://purl.obolibrary.org/obo/ENVO_01001637;EnvO;;;;;
Algal Bloom Process;http://purl.obolibrary.org/obo/ENVO_02500018;EnvO;;;;;
Alpine Tundra Ecosystem;http://purl.obolibrary.org/obo/ENVO_01001371;EnvO;;;;;
Anthropisation;http://purl.obolibrary.org/obo/ENVO_01000952;EnvO;;;;;
Anthropogenic Ecosystem Conversion;http://purl.obolibrary.org/obo/ENVO_01001434;EnvO;;;;;
Anthropogenic Ecosystem Conversion Process;http://purl.obolibrary.org/obo/ENVO_01001434;EnvO;;;;;
Anthropogenic Ecosystem Transformation Process;http://purl.obolibrary.org/obo/ENVO_01001434;EnvO;;;;;
Anthropogenic Environment;http://purl.obolibrary.org/obo/ENVO_01000313;EnvO;;;;;
Aquatic Ecosystem;http://purl.obolibrary.org/obo/ENVO_01001787;EnvO;;;;;
Aquatic Environment;http://purl.obolibrary.org/obo/ENVO_01000317;EnvO;;;;;
Area Of Protected Biodiversity;http://purl.obolibrary.org/obo/ENVO_00000358;EnvO;;;;;
benthic Deep-sea Mining;http://purl.obolibrary.org/obo/ENVO_01001416;EnvO;;;;;
Biogeochemical Process;http://purl.obolibrary.org/obo/ENVO_02500030;EnvO;;;;;
Biome;http://purl.obolibrary.org/obo/ENVO_00000428;EnvO;;;;;
Biota;http://purl.obolibrary.org/obo/ENVO_06105012;EnvO;;;;;
Cave System;http://purl.obolibrary.org/obo/ENVO_00000013;EnvO;;;;;
Climate System;http://purl.obolibrary.org/obo/ENVO_01001364;EnvO;;;;;
Closed Ecological System;http://purl.obolibrary.org/obo/ENVO_01000619;EnvO;;;;;
Cloud Forest;http://purl.obolibrary.org/obo/ENVO_01001457;EnvO;;;;;
Coastal Wetland Ecosystem;http://purl.obolibrary.org/obo/ENVO_00000230;EnvO;;;;;
Conservation-focused Active Ecosystem Management Process;http://purl.obolibrary.org/obo/ENVO_01001171;EnvO;;;;;
Contaminated Air;http://purl.obolibrary.org/obo/ENVO_01000676;EnvO;;;;;
Cropland Ecosystem;http://purl.obolibrary.org/obo/ENVO_01001244;EnvO;;;;;
Cultivated Environment;http://purl.obolibrary.org/obo/ENVO_01000311;EnvO;;;;;
Culturing Environment;http://purl.obolibrary.org/obo/ENVO_01000312;EnvO;;;;;
Deforestation;http://purl.obolibrary.org/obo/ENVO_02500012;EnvO;;;;;
Desert Ecosystem;http://purl.obolibrary.org/obo/ENVO_01001780;EnvO;;;;;
Desertification;http://purl.obolibrary.org/obo/ENVO_02500001;EnvO;;;;;
Disturbed Ecosystem;http://purl.obolibrary.org/obo/ENVO_01000445;EnvO;;;;;
Ecological Corridor;http://purl.obolibrary.org/obo/ENVO_01000931;EnvO;;;;;
Ecological Province;http://purl.obolibrary.org/obo/ENVO_01001404;EnvO;;;;;
Ecoregion;http://purl.obolibrary.org/obo/ENVO_01000276;EnvO;;;;;
Ecosystem;http://purl.obolibrary.org/obo/ENVO_01001110;EnvO;;;;;
Ecosystem Decay;http://purl.obolibrary.org/obo/ENVO_01001174;EnvO;;;;;
Ecosystem Fragment;http://purl.obolibrary.org/obo/ENVO_01001167;EnvO;;;;;
Ecosystem Fragmentation Process;http://purl.obolibrary.org/obo/ENVO_01001168;EnvO;;;;;
Ecosystem Process;http://purl.obolibrary.org/obo/ENVO_01001795;EnvO;;;;;
Ecosystem-wide Aerobic Respiration;http://purl.obolibrary.org/obo/ENVO_01000633;EnvO;;;;;
Ecosystem-wide Photosynthesis;http://purl.obolibrary.org/obo/ENVO_02500007;EnvO;;;;;
Ecosystem-wide Respiration;http://purl.obolibrary.org/obo/ENVO_02500008;EnvO;;;;;
Ecotone;http://purl.obolibrary.org/obo/ENVO_01000947;EnvO;;;;;
Ecozone;http://purl.obolibrary.org/obo/ENVO_01000280;EnvO;;;;;
Environment associated with a fungal tissue;http://purl.obolibrary.org/obo/ENVO_01001058;EnvO;;;;;
Environment associated with an animal part or small animal;http://purl.obolibrary.org/obo/ENVO_01001055;EnvO;;;;;
Environmental System;http://purl.obolibrary.org/obo/ENVO_01000254;EnvO;;;;;
Environmental System Determined by a Material;http://purl.obolibrary.org/obo/ENVO_01000998;EnvO;;;;;
Environmental Zone;http://purl.obolibrary.org/obo/ENVO_01000408;EnvO;;;;;
Environmental Zone Of Processual Equilibrium;http://purl.obolibrary.org/obo/ENVO_01001353;EnvO;;;;;
Estuary;http://purl.obolibrary.org/obo/ENVO_00000045;EnvO;;;;;
Experimental Forest Ecosystem;http://purl.obolibrary.org/obo/ENVO_03600038;EnvO;;;;;
Flood Meadow Ecosystem;http://purl.obolibrary.org/obo/ENVO_00000154;EnvO;;;;;
Food Desert;http://purl.obolibrary.org/obo/ENVO_03500006;EnvO;;;;;
Forest Area Expansion;http://purl.obolibrary.org/obo/ENVO_02500015;EnvO;;;;;
Forest Ecosystem;http://purl.obolibrary.org/obo/ENVO_01001243;EnvO;;;;;
Forest Fire;http://purl.obolibrary.org/obo/ENVO_01000791;EnvO;;;;;
Forest Process;http://purl.obolibrary.org/obo/ENVO_02500014;EnvO;;;;;
Forestry;http://purl.obolibrary.org/obo/ENVO_01001432;EnvO;;;;;
Freshwater Ecosystem;http://purl.obolibrary.org/obo/ENVO_01001789;EnvO;;;;;
Freshwater Wetland Ecosystem;http://purl.obolibrary.org/obo/ENVO_00000243;EnvO;;;;;
Grassland Ecosystem;http://purl.obolibrary.org/obo/ENVO_01001206;EnvO;;;;;
Habitat;http://purl.obolibrary.org/obo/ENVO_01000739;EnvO;;;;;
Habitat Fragmentation Process;http://purl.obolibrary.org/obo/ENVO_01001175;EnvO;;;;;
Insect Conservation Process;http://purl.obolibrary.org/obo/ENVO_01001636;EnvO;;;;;
Intertidal Ecosystem;http://purl.obolibrary.org/obo/ENVO_01001468;EnvO;;;;;
IUCN Protected Area With Sustainable Use of Natural Resources;http://purl.obolibrary.org/obo/ENVO_01001225;EnvO;;;;;
IUCN Protected Landscape/Seascape;http://purl.obolibrary.org/obo/ENVO_01001172;EnvO;;;;;
Key Biodiversity Area;http://purl.obolibrary.org/obo/ENVO_01000778;EnvO;;;;;
Land Degradation;http://purl.obolibrary.org/obo/ENVO_02500005;EnvO;;;;;
Land Fire;http://purl.obolibrary.org/obo/ENVO_01001292;EnvO;;;;;
Marine Biota;http://purl.obolibrary.org/obo/ENVO_06105013;EnvO;;;;;
Marine Ecosystem;http://purl.obolibrary.org/obo/ENVO_01001788;EnvO;;;;;
Marine Environment;http://purl.obolibrary.org/obo/ENVO_01001788;EnvO;;;;;
Marine Mining;http://purl.obolibrary.org/obo/ENVO_01001439;EnvO;;;;;
Market;http://purl.obolibrary.org/obo/ENVO_01000987;EnvO;;;;;
Meadow Ecosystem;http://purl.obolibrary.org/obo/ENVO_00000108;EnvO;;;;;
Mesophytic Ecosystem;http://purl.obolibrary.org/obo/ENVO_01000376;EnvO;;;;;
Migration Path;http://purl.obolibrary.org/obo/ENVO_01000931;EnvO;;;;;
Mining;http://purl.obolibrary.org/obo/ENVO_01001437;EnvO;;;;;
Mixed Forest;http://purl.obolibrary.org/obo/ENVO_01000431;EnvO;;;;;
Natural Environment;http://purl.obolibrary.org/obo/ENVO_01000951;EnvO;;;;;
Natural Gas;http://purl.obolibrary.org/obo/ENVO_01000552;EnvO;;;;;
Natural Lake;http://purl.obolibrary.org/obo/ENVO_01001022;EnvO;;;;;
Natural Monument;http://purl.obolibrary.org/obo/ENVO_00000359;EnvO;;;;;
Natural Plastic;http://purl.obolibrary.org/obo/ENVO_06105111;EnvO;;;;;
Natural Wax;http://purl.obolibrary.org/obo/ENVO_02000117;EnvO;;;;;
Observatory System;http://purl.obolibrary.org/obo/ENVO_01001470;EnvO;;;;;
Observing System;http://purl.obolibrary.org/obo/ENVO_01001469;EnvO;;;;;
Photovoltaic System;http://purl.obolibrary.org/obo/ENVO_01000866;EnvO;;;;;
Planned Environmental Usage Process;http://purl.obolibrary.org/obo/ENVO_01001436;EnvO;;;;;
Plastic Fragment;http://purl.obolibrary.org/obo/ENVO_06105008;EnvO;;;;;
Polar Tundra Ecosystem;http://purl.obolibrary.org/obo/ENVO_01001625;EnvO;;;;;
Polluted River;http://purl.obolibrary.org/obo/ENVO_03600015;EnvO;;;;;
Polymetallic Nodule Ecosystem;http://purl.obolibrary.org/obo/ENVO_01001629;EnvO;;;;;
Populated Place;http://purl.obolibrary.org/obo/ENVO_00000062;EnvO;;;;;
Protected Area;http://purl.obolibrary.org/obo/ENVO_01001567;EnvO;;;;;
Rural Area;http://purl.obolibrary.org/obo/ENVO_01000772;EnvO;;;;;
Safe Environment;http://purl.obolibrary.org/obo/ENVO_01001840;EnvO;;;;;
Safe Environment For Human Presence;http://purl.obolibrary.org/obo/ENVO_03500008;EnvO;;;;;
Safe Environment For Organisms;http://purl.obolibrary.org/obo/ENVO_01001839;EnvO;;;;;
Soil Degradation;http://purl.obolibrary.org/obo/ENVO_01000705;EnvO;;;;;
Soil Environment;http://purl.obolibrary.org/obo/ENVO_01001044;EnvO;;;;;
Swamp Ecosystem;http://purl.obolibrary.org/obo/ENVO_00000233;EnvO;;;;;
Terrestrial Ecosystem;http://purl.obolibrary.org/obo/ENVO_01001790;EnvO;;;;;
Tundra Ecosystem;http://purl.obolibrary.org/obo/ENVO_01001370;EnvO;;;;;
Urban Stormwater;http://purl.obolibrary.org/obo/ENVO_01001268;EnvO;;;;;
Violent Environment;http://purl.obolibrary.org/obo/ENVO_03500011;EnvO;;;;;
Wet Meadow Ecosystem;http://purl.obolibrary.org/obo/ENVO_01000449;EnvO;;;;;
Wetland Ecosystem;http://purl.obolibrary.org/obo/ENVO_01001209;EnvO;;;;;
Woodland Ecosystem;http://purl.obolibrary.org/obo/ENVO_01001245;EnvO;;;;;
Xerophytic Ecosystem;http://purl.obolibrary.org/obo/ENVO_01000374;EnvO;;;;;
Adaptive;http://vocabs.lter-europe.net/EnvThes/21954;EnvThes;;;;;
Ecosystem;http://vocabs.lter-europe.net/EnvThes/20515;EnvThes;;;;;
Environmental Sustainability;http://vocabs.lter-europe.net/EnvThes/20216;EnvThes;;;;;
Habitat Complexity;http://vocabs.lter-europe.net/EnvThes/21486;EnvThes;;;;;
Natural;http://vocabs.lter-europe.net/EnvThes/30227;EnvThes;;;;;
Network Analysis;http://vocabs.lter-europe.net/EnvThes/20239;EnvThes;;;;;
Social-ecological System;http://vocabs.lter-europe.net/EnvThes/219088;EnvThes;;;;;
Sustainable Development;http://vocabs.lter-europe.net/EnvThes/20280;EnvThes;;;;;
Migratory Herding System;http://opendata.inra.fr/EOL/EOL_0001726;EOL;;;;;
Multi-species Rearing System;http://purl.org/obo/owlEOL_0001506;EOL;;;;;
Network Analysis Objective;http://purl.obolibrary.org/obo/ERO_0100103;ERO;;;;;
Built Environment;http://purl.obolibrary.org/obo/ExO_0000048;ExO;;;;;
Ecological Perturbation;http://purl.obolibrary.org/obo/ExO_0000007;ExO;;;;;
Ecosystem Effect;http://cerrado.linkeddata.es/ecology/fire#EcosystemEffect;FIRE;;;;;
Alimentary System;http://purl.org/sig/ont/fma/fma7152;FMA;;;;;
System Term;http://purl.org/sig/ont/fma/fma84148;FMA;;;;;
Sustainable Agriculture Food Product;http://purl.obolibrary.org/obo/FOODON_00003375;FoodOn;;;;;
Social;http://www.semanticweb.org/ftuha/ontologies/2021/5/FRMO-01untitled-ontology-175/Social;FRMO;;;;;
Animal Welfare;http://id.agrisemantics.org/gacs/C2208;GACS;;;;;
Animal Well-being;http://id.agrisemantics.org/gacs/C20979;GACS;;;;;
Capital;http://id.agrisemantics.org/gacs/C9826;GACS;;;;;
Dynamic Models;http://id.agrisemantics.org/gacs/C9939;GACS;;;;;
Dynamics;http://id.agrisemantics.org/gacs/C17512;GACS;;;;;
Ecosystem Management;http://id.agrisemantics.org/gacs/C17322;GACS;;;;;
Ecosystems;http://id.agrisemantics.org/gacs/C735;GACS;;;;;
Need Assessment;http://id.agrisemantics.org/gacs/C14049;GACS;;;;;
Network Analysis;http://id.agrisemantics.org/gacs/C24826;GACS;;;;;
Networks;http://id.agrisemantics.org/gacs/C216677;GACS;;;;;
Sustainability;http://id.agrisemantics.org/gacs/C1367;GACS;;;;;
Sustainable Development;http://id.agrisemantics.org/gacs/C5701;GACS;;;;;
Capability;http://www.co-ode.org/ontologies/galen#Capability;GALEN;;;;;
Synchronicity;http://www.co-ode.org/ontologies/galen#Synchronicity;GALEN;;;;;
System;http://www.co-ode.org/ontologies/galen#System;GALEN;;;;;
Mamiraua Sustainable Development Reserve;http://purl.obolibrary.org/obo/GAZ_00124947;GAZ;;;;;
Adaptative Capacity;http://www.eionet.europa.eu/gemet/concept/15046;GEMET;;;;;
Dynamical Ice Loss;http://www.eionet.europa.eu/gemet/concept/15123;GEMET;;;;;
Ecosystem;http://www.eionet.europa.eu/gemet/concept/2519;GEMET;;;;;
Environmental Sustainability;http://www.eionet.europa.eu/gemet/concept/15163;GEMET;;;;;
Information System;http://www.eionet.europa.eu/gemet/concept/4311;GEMET;;;;;
Natural Capital;http://www.eionet.europa.eu/gemet/concept/15234;GEMET;;;;;
Natural Sustainable Development;http://www.eionet.europa.eu/gemet/concept/15237;GEMET;;;;;
Need;http://www.eionet.europa.eu/gemet/concept/5555;GEMET;;;;;
Objective Well-being;http://www.eionet.europa.eu/gemet/concept/15245;GEMET;;;;;
Population Dynamics;http://www.eionet.europa.eu/gemet/concept/6518;GEMET;;;;;
Principle of Sustainability;http://www.eionet.europa.eu/gemet/concept/6624;GEMET;;;;;
Resilience;http://www.eionet.europa.eu/gemet/concept/15275;GEMET;;;;;
Socio-cultural Group;http://www.eionet.europa.eu/gemet/concept/13337;GEMET;;;;;
Soil Capability;http://www.eionet.europa.eu/gemet/concept/7848;GEMET;;;;;
Sustainability Screening;http://www.eionet.europa.eu/gemet/concept/15387;GEMET;;;;; 
Sustainable Development;http://www.eionet.europa.eu/gemet/concept/8247;GEMET;;;;;
Sustainable Development Goals (SDGs);http://www.eionet.europa.eu/gemet/concept/15303;GEMET;;;;;
Sustainable Growth;http://www.eionet.europa.eu/gemet/concept/15306;GEMET;;;;;
Meaning;https://w3id.org/linkml/meaning;GENEPIO;;;;;
Adaptative Thermogenesis;http://purl.obolibrary.org/obo/GO_1990845;GO;;;;;
Seeding Development;http://purl.obolibrary.org/obo/GO_0090351;GO;;;;;
System Development;http://purl.obolibrary.org/obo/GO_0048731;GO;;;;;
System Process;http://purl.obolibrary.org/obo/GO_0003008;GO;;;;;
Growth;http://www.bootstrep.eu/ontology/GRO#Growth;GRO;;;;;
Ambiguity Fallacy;http://purl.obolibrary.org/obo/GSSO_010975;GSSO;;;;;
Anarcho-capitalism;http://purl.obolibrary.org/obo/GSSO_011008;GSSO;;;;;
Basic Need;http://purl.obolibrary.org/obo/GSSO_007355;GSSO;;;;;
Capitalism;http://purl.obolibrary.org/obo/GSSO_003817;GSSO;;;;;
Gender Minority Stress And Resilience Measure;http://purl.obolibrary.org/obo/GSSO_005173;GSSO;;;;;
Gender Need;http://purl.obolibrary.org/obo/GSSO_007353;GSSO;;;;;
Medical Need;http://purl.obolibrary.org/obo/GSSO_007354;GSSO;;;;;
Natural Language;http://purl.obolibrary.org/obo/GSSO_009088;GSSO;;;;;
Natural Right;http://purl.obolibrary.org/obo/GSSO_007911;GSSO;;;;;
Natural Science;http://purl.obolibrary.org/obo/GSSO_003851;GSSO;;;;;
Natural Selection;http://purl.obolibrary.org/obo/GSSO_000908;GSSO;;;;;
Network Society;http://purl.obolibrary.org/obo/GSSO_010541;GSSO;;;;;
Physical Well-Being;http://purl.obolibrary.org/obo/GSSO_012785;GSSO;;;;;
Pink Capitalism;http://purl.obolibrary.org/obo/GSSO_003818;GSSO;;;;;
Racial Capitalism;http://purl.obolibrary.org/obo/GSSO_012800;GSSO;;;;;
Socio-economic Rights Law;http://purl.obolibrary.org/obo/GSSO_003156;GSSO;;;;;
Socio-economic Rights Legislation;http://purl.obolibrary.org/obo/GSSO_012421;GSSO;;;;;
Socio-political Power;http://purl.obolibrary.org/obo/GSSO_003217;GSSO;;;;;
Well-being;http://purl.obolibrary.org/obo/GSSO_001813;GSSO;;;;;
Built Environment;http://purl.obolibrary.org/obo/HIO_0000384;HIO;;;;;
Socio Economic Status;http://purl.bioontology.org/ontology/HL7/C0086996;HL7;;;;;
Support Network;http://purl.bioontology.org/ontology/HL7/C3858656;HL7;;;;;
System;http://purl.bioontology.org/ontology/HL7/C1553451;HL7;;;;;
Adaptive Response;http://purl.bioontology.org/ontology/HOIP/HOIP_0002193;HOIP;;;;;
Difficulty Understanding Nonliteral Meaning of Conversation;http://purl.obolibrary.org/obo/HP_5200116;HP;;;;;
Prolonged Need Of Intravenous Antibiotic Therapy;http://purl.obolibrary.org/obo/HP_0020095;HP;;;;;
Semantic Dementia;http://purl.obolibrary.org/obo/HP_0030219;HP;;;;;
Built Environment;http://research.ibm.com/ontologies/hspo/BuiltEnvironment;HSPO;;;;;
Constitutive Dynamical Process;http://scai.fraunhofer.de/HuPSON#SCAIVPH_00001183;HUPSON;;;;;
Dynamic Quality;http://scai.fraunhofer.de/HuPSON#SCAIVPH_00000886;HUPSON;;;;;
Ambiguity;https://i2insights.org/index/integration-and-implementation-sciences-vocabulary#ambiguity;I2SV;;;;;
Complex Problems;https://i2insights.org/index/integration-and-implementation-sciences-vocabulary#complex-problems;I2SV;;;;;
Complex Systems;https://i2insights.org/index/integration-and-implementation-sciences-vocabulary#complex-systems;I2SV;;;;;
Research Ecosystem;https://i2insights.org/index/integration-and-implementation-sciences-vocabulary#research-ecosystem;I2SV;;;;;
Resilience;https://i2insights.org/index/integration-and-implementation-sciences-vocabulary#resilience;I2SV;;;;;
System Dynamics Approach;https://i2insights.org/index/integration-and-implementation-sciences-vocabulary#system-dynamics-approach;I2SV;;;;;
Definition;http://purl.obolibrary.org/obo/IAO_0000115;IAO;;;;;
Socio-legal Generically Dependent Continuant;http://purl.obolibrary.org/obo/IAO_0021004;IAO;;;;;
Ecosystem;http://www.semanticweb.org/mca/ontologies/2018/8/untitled-ontology-47#Ecosystem;IBD;;;;;
Ecosystem;http://www.semanticweb.org/mca/ontologies/2018/8/untitled-ontology-47#Ecosystem;IBIO;;;;;
Need For Isolation;http://purl.bioontology.org/ontology/ICD9CM/V07.0;ICD9CM;;;;;
Complex;http://www.icn.ch/icnp#Complex;ICNP;;;;;
Complexity;http://www.icn.ch/icnp#Complexity;ICNP;;;;;
Growth;http://www.icn.ch/icnp#Growth;ICNP;;;;;
Simple;http://www.icn.ch/icnp#Simple;ICNP;;;;;
Capability to Consent;http://purl.obolibrary.org/obo/ICO_0000201;ICO;;;;;
Feeling Weak;http://purl.bioontology.org/ontology/ICPC2P/A04011;ICPC2P;;;;;
Dynamic Models;http://purl.org/idem/DynamicModels;IDEM;;;;;
Systemic Infection;http://purl.obolibrary.org/obo/IDO_0000474;IDO;;;;;
Ecological Measure;https://w3id.org/inbio#_000044;INBIO;;;;;
Ecosystem;http://www.semanticweb.org/mca/ontologies/2018/8/untitled-ontology-47#Ecosystem;INBIODIV;;;;;
Bayesian Network;http://purl.obolibrary.org/obo/INO_0000004;INO;;;;;
Interaction Network;http://purl.obolibrary.org/obo/INO_0000001;INO;;;;;
Complex System;http://purl.jp/bio/4/id/200906033993517889;IOBC;;;;;
Ecosystem;http://purl.jp/bio/4/id/200906003112410894;IOBC;;;;;
Evolutionary Dynamics;http://purl.jp/bio/4/id/201306072174220204;IOBC;;;;;
Exaggerated Well-being;http://purl.jp/bio/4/id/200906015254086391;IOBC;;;;;
Habitat Complexity;http://purl.jp/bio/4/id/201106002894883046;IOBC;;;;;
Lifestyles Of Health And Sustainability;http://purl.jp/bio/4/id/200906050580619081;IOBC;;;;;
Millenium Development Goals (MDGs);http://purl.jp/bio/4/id/201006053326724746;IOBC;;;;;
Need;http://purl.jp/bio/4/id/200906060417752896;IOBC;;;;;
Network;http://purl.jp/bio/4/id/200906002105383800;IOBC;;;;;
Social-ecological System;http://purl.jp/bio/4/id/201406059151625127;IOBC;;;;;
Sustainable Development;http://purl.jp/bio/4/id/200906074335344553;IOBC;;;;;
Sustainable Productivity;http://purl.jp/bio/4/id/201106000333755780;IOBC;;;;;
System;http://purl.jp/bio/4/id/200906031674647190;IOBC;;;;;
Crop Water Need Deduction;http://www.w3id.org/def/irrig#CropWaterNeedDeduction;IRRIG;;;;;
Abstract Meaning Representation (AMR) Parsing;https://identifiers.org/ito:ITO_01048;ITO;;;;;
Dynamic Community Detection;https://identifiers.org/ito:ITO_41998;ITO;;;;;
Lexical Complexity Prediction;https://identifiers.org/ito:ITO_17309;ITO;;;;;
Well-being Dataset - Anxiety Detection Benchmarking;https://identifiers.org/ito:ITO_62261;ITO;;;;;
Sustainable Development Goals, Objectif Développement Durable (SDGs);http://www.semanticweb.org/jean-louisjanin/ontologies/2015/6/lexeau#OWLClass_c3a965ed_a080_41be_8d2a_bd0694963e09;LEXEAU;;;;;
Sustainable Development Metadata, Métadonnées Développement Durable;http://www.semanticweb.org/jean-louisjanin/ontologies/2015/6/lexeau#OWLClass_4f0b111d_a5a9_4252_abe7_a21a5408fb72;LEXEAU;;;;;
Water Network;http://www.semanticweb.org/jean-louisjanin/ontologies/2015/6/lexeau#OWLClass_e4cbc9be_7df8_4cf4_b8eb_f84fd3ce9280;LEXEAU;;;;;
Breathing Need;http://purl.obolibrary.org/obo/LifO_0000029;LifO;;;;;
Clothes Need;http://purl.obolibrary.org/obo/LifO_0000030;LifO;;;;;
Economic Safety Need;http://purl.obolibrary.org/obo/LifO_0000024;LifO;;;;;
Food Need;http://purl.obolibrary.org/obo/LifO_0000027;LifO;;;;;
Health Need;http://purl.obolibrary.org/obo/LifO_0000025;LifO;;;;;
Life Dynamics;http://purl.obolibrary.org/obo/LifO_0000159;LifO;;;;;
Physical Safety Need;http://purl.obolibrary.org/obo/LifO_0000023;LifO;;;;;
Psychological Need;http://purl.obolibrary.org/obo/LifO_0000017;LifO;;;;;
Safety Need;http://purl.obolibrary.org/obo/LifO_0000022;LifO;;;;;
Sexual Instinct Need;http://purl.obolibrary.org/obo/LifO_0000032;LifO;;;;;
Shelter Need;http://purl.obolibrary.org/obo/LifO_0000031;LifO;;;;;
Sleep Need;http://purl.obolibrary.org/obo/LifO_0000026;LifO;;;;;
Water Need;http://purl.obolibrary.org/obo/LifO_0000028;LifO;;;;;
{system};http://purl.bioontology.org/ontology/LNC/LP76034-5;LOINC;;;;;
Adaptive Switches;http://purl.bioontology.org/ontology/LNC/LA30957-7;LOINC;;;;;
Brief Resilience Scale Panel;http://purl.bioontology.org/ontology/LNC/MTHU068408;LOINC;;;;;
Dynamic;http://purl.bioontology.org/ontology/LNC/LP207363-5;LOINC;;;;;
ePCAM Social Complexity;http://purl.bioontology.org/ontology/LNC/MTHU056291;LOINC;;;;;
Meaning Of Work;http://purl.bioontology.org/ontology/LNC/MTHU063202;LOINC;;;;;
Network Code;http://purl.bioontology.org/ontology/LNC/LP149850-2;LOINC;;;;;
Physical Well Being;http://purl.bioontology.org/ontology/LNC/MTHU044840;LOINC;;;;;
Dynamic Bayesian Model;http://identifiers.org/mamo/MAMO_0000043;MAMO;;;;;
Dynamic Characteristic;http://identifiers.org/mamo/MAMO_0000056;MAMO;;;;;
Network Model;http://identifiers.org/mamo/MAMO_0000035;MAMO;;;;;
Natural Medium;http://purl.obolibrary.org/obo/MCO_0000014;MCO;;;;;
Meaningful Use;http://id.nlm.nih.gov/mesh/D062527;MDM;;;;;
Exaggerated Well-being;http://purl.bioontology.org/ontology/MEDDRA/10015584;MEDDRA;;;;;
Alimentar System;http://purl.jp/bio/11/meo/MEO_0000490;MEO;;;;;
Natural;http://purl.jp/bio/11/meo/MEO_0001263;MEO;;;;;
System;http://www.case.edu/EpSO.owl#10-10System;MEPO;;;;;
Adolescent Health;http://purl.bioontology.org/ontology/MESH/D000067697;MesH;;;;;
Built Environment;http://purl.bioontology.org/ontology/MESH/D000076624;MesH;;;;;
Capital Expeditures;http://purl.bioontology.org/ontology/MESH/D002201;MesH;;;;;
Economics;http://purl.bioontology.org/ontology/MESH/D004467;MesH;;;;;
Ecosystem;http://purl.bioontology.org/ontology/MESH/D0177533;MesH;;;;;
Mental Well-being;http://purl.bioontology.org/ontology/MESH/D008603;MesH;;;;;
Population Dynamics;http://purl.bioontology.org/ontology/MESH/D0111577;MesH;;;;;
Psychological Well-being;http://purl.bioontology.org/ontology/MESH/D000092862;MesH;;;;;
Resilience, Psychological;http://purl.bioontology.org/ontology/MESH/D055500;MesH;;;;;
Social Capital;http://purl.bioontology.org/ontology/MESH/D066270;MesH;;;;;
Sustainable Development;http://purl.bioontology.org/ontology/MESH/D000076502;MeSH;;;;;
Capability;http://purl.obolibrary.org/obo/MF_0000043;MF;;;;;
Capability To Play Piano;http://purl.obolibrary.org/obo/MF_0000046;MF;;;;;
Capability To Play Violin;http://purl.obolibrary.org/obo/MF_0000047 (;MF;;;;;
Capability To Read;http://purl.obolibrary.org/obo/MF_0000049;MF;;;;;
Capability To Read Music;http://purl.obolibrary.org/obo/MF_0000053;MF;;;;;
Capability To Speak;http://purl.obolibrary.org/obo/MF_0000052;MF;;;;;
Capability To Understand Language;http://purl.obolibrary.org/obo/MF_0000051;MF;;;;;
Linguistic Capability;http://purl.obolibrary.org/obo/MF_0000050;MF;;;;;
Mental Capability;http://purl.obolibrary.org/obo/MF_0000048;MF;;;;;
Musical Capability;http://purl.obolibrary.org/obo/MF_0000044;MF;;;;;
Non-linguistic Communication;http://purl.obolibrary.org/obo/MF_0000089;MF;;;;;
Personal Capability;http://purl.obolibrary.org/obo/MF_0000043;MF;;;;;
Sign-language Communication;http://purl.obolibrary.org/obo/MF_0000090;MF;;;;;
Feeling Strong;http://purl.obolibrary.org/obo/MFOEM_000118;MFOEM;;;;;
Feeling Weak;http://purl.obolibrary.org/obo/MFOEM_000119;MFOEM;;;;;
Felling Of Need;http://purl.obolibrary.org/obo/MFOEM_000222;MFOEM;;;;;
Complex Systematic Name;http://purl.obolibrary.org/obo/MI_1316;MI;;;;;
Dynamic;https://bioportal.bioontology.org/ontologies/DTO.owl#DTO:0002162;MIDO;;;;;
Natural;https://w3id.org/mixs/vocab/BiolStatEnum#natural;MIXS;;;;;
Adaptive Systems [INSPEC];http://webprotege.stanford.edu/R72QfF3SXvFG37XoRGvdcxh;MLTX;;;;;
Computational Complexity [INSPEC];http://webprotege.stanford.edu/RBS3Y0j5zHkSAL3tUbs0cUz;MLTX;;;;;
Social;http://purl.obolibrary.org/obo/Social;MNV;;;;;
Natural Residue;http://purl.obolibrary.org/obo/MOD_00009;MOD;;;;;
Computational Complexity Theory;https://w3id.org/skgo/modsci#ComputationalComplexityTheory;MODSCI;;;;;
Bovine Respiratory Disease Complex;http://purl.obolibrary.org/obo/MONDO_0005678;MONDO;;;;;
Abnormal Adaptive Thermogenesis;http://purl.obolibrary.org/obo/MP_0011019;MP;;;;;
Impaired Adaptive Thermogenesis;http://purl.obolibrary.org/obo/MP_0011049;MP;;;;;
Temporal Reference System;http://www.w3.org/2006/time#TRS;MS2O;;;;;
Network;http://purl.obolibrary.org/obo/MSIO_0000058;MSIO;;;;;
Social Behavior;http://purl.obolibrary.org/obo/GO_0035176;NBO;;;;;
Social Phobia;http://purl.obolibrary.org/obo/NBO_0000309;NBO;;;;;
Adaptive Study Design Indicator;http://ncicb.nci.nih.gov/xml/owl/EVS/Thesaurus.owl#C146995;NCIT;;;;;
Ambiguity;http://purl.obolibrary.org/obo/NCIT_C70429;NCIT;;;;;
Brief Resilience Scale;http://ncicb.nci.nih.gov/xml/owl/EVS/Thesaurus.owl#C153304;NCIT;;;;;
Capability;http://ncicb.nci.nih.gov/xml/owl/EVS/Thesaurus.owl#C74979;NCIT;;;;;
Carbon Monoxide Diffusing Capability Test;http://ncicb.nci.nih.gov/xml/owl/EVS/Thesaurus.owl#C38083;NCIT;;;;;
Child And Youth Resilience Measure;http://ncicb.nci.nih.gov/xml/owl/EVS/Thesaurus.owl#C165710;NCIT;;;;;
Complex;http://ncicb.nci.nih.gov/xml/owl/EVS/Thesaurus.owl#C19398;NCIT;;;;;
Comprehension;http://ncicb.nci.nih.gov/xml/owl/EVS/Thesaurus.owl#C86022;NCIT;;;;;
Data Context;http://ncicb.nci.nih.gov/xml/owl/EVS/Thesaurus.owl#C89274;NCIT;;;;;
Definition;http://ncicb.nci.nih.gov/xml/owl/EVS/Thesaurus.owl#C42777;NCIT;;;;;
Device System;http://ncicb.nci.nih.gov/xml/owl/EVS/Thesaurus.owl#C50311;NCIT;;;;;
Drug Delivery System;http://ncicb.nci.nih.gov/xml/owl/EVS/Thesaurus.owl#C17423;NCIT;;;;;
Ecological Momentary Assessment;http://ncicb.nci.nih.gov/xml/owl/EVS/Thesaurus.owl#C150385;NCIT;;;;;
Emotional Problem;http://ncicb.nci.nih.gov/xml/owl/EVS/Thesaurus.owl#C114900;NCIT;;;;;
Emotional Well-being;http://ncicb.nci.nih.gov/xml/owl/EVS/Thesaurus.owl#C91778;NCIT;;;;;
Energetically Pursue Goals;http://purl.obolibrary.org/obo/NCIT_C123342;NCIT;;;;;
Ethics Committee;http://purl.obolibrary.org/obo/NCIT_C142541;NCIT;;;;;
Functional Assessment of Chronic Illness Therapy-Spiritual Well-Being 12 Item Scale;http://purl.obolibrary.org/obo/NCIT_C176837;NCIT;;;;;
Functional Well-being;http://purl.obolibrary.org/obo/NCIT_C91780;NCIT;;;;;
Galacto-oligosaccharide Prebiotic Supplement;http://purl.obolibrary.org/obo/NCIT_C187267;NCIT;;;;;
Health;http://purl.obolibrary.org/obo/NCIT_C25178;NCIT;;;;;
Healthy Environment;http://purl.obolibrary.org/obo/NCIT_C92455;NCIT;;;;;
Intellectual Well-being;http://purl.obolibrary.org/obo/NCIT_C128149;NCIT;;;;;
Interpretation;http://purl.obolibrary.org/obo/NCIT_C41255;NCIT;;;;;
Life is Meaningful;http://purl.obolibrary.org/obo/NCIT_C138136;NCIT;;;;;
Literal;http://purl.obolibrary.org/obo/NCIT_C86569;NCIT;;;;;
Mean Carbon Monoxide Diffusing Capability Test;http://purl.obolibrary.org/obo/NCIT_C123564;NCIT;;;;;
Meaning;http://purl.obolibrary.org/obo/NCIT_C88149;NCIT;;;;;
Mental Health;http://purl.obolibrary.org/obo/NCIT_C93187;NCIT;;;;;
Microbial Ecosystem Therapeutics-4;http://purl.obolibrary.org/obo/NCIT_C162187;NCIT;;;;;
Minimization Randomization;http://purl.obolibrary.org/obo/NCIT_C147143;NCIT;;;;;
Natural;http://purl.obolibrary.org/obo/NCIT_C85060;NCIT;;;;;
Need;http://ncicb.nci.nih.gov/xml/owl/EVS/Thesaurus.owl#C41204;NCIT;;;;;
Needed Help;http://purl.obolibrary.org/obo/NCIT_C107525;NCIT;;;;;
Network;http://purl.obolibrary.org/obo/NCIT_C61377;NCIT;;;;;
Overal Well-Being;http://purl.obolibrary.org/obo/NCIT_C107400;NCIT;;;;;
Overall Spiritual Well-being;http://purl.obolibrary.org/obo/NCIT_C104599;NCIT;;;;;
Overall Emotional Wellbeing;http://purl.obolibrary.org/obo/NCIT_C104597;NCIT;;;;;
Overall Intellectual Wellbeing;http://purl.obolibrary.org/obo/NCIT_C104595;NCIT;;;;;
Overall Physical Wellbeing;http://purl.obolibrary.org/obo/NCIT_C104596;NCIT;;;;;
Overall Spiritual Wellbeing;http://purl.obolibrary.org/obo/NCIT_C104599;NCIT;;;;;
Overall Wellbeing;http://purl.obolibrary.org/obo/NCIT_C107400;NCIT;;;;;
Parent Assessment Of Overall Well-Being;http://purl.obolibrary.org/obo/NCIT_C121348;NCIT;;;;;
Physical Health or Emotional Problems;http://purl.obolibrary.org/obo/NCIT_C110988;NCIT;;;;;
Physical Health Or Emotional Well-Being;http://purl.obolibrary.org/obo/NCIT_C110988;NCIT;;;;;
Promoting Resilience in Stress Management;http://purl.obolibrary.org/obo/NCIT_C153554;NCIT;;;;;
Psychological Impact;http://purl.obolibrary.org/obo/NCIT_C16222;NCIT;;;;;
Semantic Interoperability;http://purl.obolibrary.org/obo/NCIT_C142682;NCIT;;;;;
Semantics;http://purl.obolibrary.org/obo/NCIT_C54194;NCIT;;;;;
Social;http://purl.obolibrary.org/obo/NCIT_C62650;NCIT;;;;;
Social Capital;http://purl.obolibrary.org/obo/NCIT_C93209;NCIT;;;;;
Storage Equipment Temperature Capability Range;http://purl.obolibrary.org/obo/NCIT_C165121;NCIT;;;;;
Subject Well-Being;http://purl.obolibrary.org/obo/NCIT_C142720;NCIT;;;;;
Synbiotic Supplement;http://purl.obolibrary.org/obo/NCIT_C99230;NCIT;;;;;
System;http://ncicb.nci.nih.gov/xml/owl/EVS/Thesaurus.owl#C257000;NCIT;;;;;
System For Primary Care Professionals;http://purl.obolibrary.org/obo/NCIT_C19052;NCIT;;;;;
System for Public;http://purl.obolibrary.org/obo/NCIT_C19659;NCIT;;;;;
System Of Measurement;http://purl.obolibrary.org/obo/NCIT_C70767;NCIT;;;;;
System Of Record Name;http://purl.obolibrary.org/obo/NCIT_C94168;NCIT;;;;;
System Support Mapping;http://purl.obolibrary.org/obo/NCIT_C148263;NCIT;;;;;
System, LOINC Axis 4;http://purl.obolibrary.org/obo/NCIT_C40568;NCIT;;;;;
Systematic Sampling;http://purl.obolibrary.org/obo/NCIT_C53200;NCIT;;;;;
Systematized Nomenclature of Medicine;http://purl.obolibrary.org/obo/NCIT_C53489;NCIT;;;;;
Systemic Disease;http://purl.obolibrary.org/obo/NCIT_C9229;NCIT;;;;;
Temperature Capability Range;http://purl.obolibrary.org/obo/NCIT_C164643;NCIT;;;;;
Vague;http://purl.obolibrary.org/obo/NCIT_C96303;NCIT;;;;;
Value Meaning;http://purl.obolibrary.org/obo/NCIT_C41126;NCIT;;;;;
Value Meaning Not Provided;http://purl.obolibrary.org/obo/NCIT_C62635;NCIT;;;;;
Vineland Adaptive Behavior Scales;http://purl.obolibrary.org/obo/NCIT_C88048;NCIT;;;;;
Well Being Visual Analogue Scale;http://purl.obolibrary.org/obo/NCIT_C141619;NCIT;;;;;
Well-being Score 1;http://purl.obolibrary.org/obo/NCIT_C141621;NCIT;;;;;
Well-being Score 10;http://purl.obolibrary.org/obo/NCIT_C141630;NCIT;;;;;
Well-being Score 2;http://purl.obolibrary.org/obo/NCIT_C141622;NCIT;;;;;
Well-being Score 3;http://purl.obolibrary.org/obo/NCIT_C141623;NCIT;;;;;
Well-being Score 4;http://purl.obolibrary.org/obo/NCIT_C141624;NCIT;;;;;
Well-being Score 5;http://purl.obolibrary.org/obo/NCIT_C141625;NCIT;;;;;
Well-being Score 6;http://purl.obolibrary.org/obo/NCIT_C141626;NCIT;;;;;
Well-being Score 7;http://purl.obolibrary.org/obo/NCIT_C141627;NCIT;;;;;
Well-being Score 8;http://purl.obolibrary.org/obo/NCIT_C141628;NCIT;;;;;
Well-being Score 9;http://purl.obolibrary.org/obo/NCIT_C141629;NCIT;;;;;
Women's Health;http://purl.obolibrary.org/obo/NCIT_C17399;NCIT;;;;;
Worst Possible Feeling Of Overall Well-Being;http://purl.obolibrary.org/obo/NCIT_C107399;NCIT;;;;;
Capability;http://purl.obolibrary.org/obo/MF_0000043;NIO;;;;;
Adaptive Design;http://www.co-ode.org/ontologies/ont.owl#Adaptive_design;NLN;;;;;
Sensory Capability AE;http://purl.obolibrary.org/obo/OAE_0000582;OAE;;;;;
Ecological Validity;http://purl.obolibrary.org/obo/OBCS_0000154;OBCS;;;;;
Network Analysis;http://purl.obolibrary.org/obo/OBI_0200080;OBI;;;;;
Network Graph Construction;http://purl.obolibrary.org/obo/OBI_0200126;OBI;;;;;
Network Graph Quality Calculation;http://purl.obolibrary.org/obo/OBI_0200147;OBI;;;;;
Network Subgraph Quality Calculation;http://purl.obolibrary.org/obo/OBI_0200137;OBI;;;;;
Systematic Review Study Design;http://purl.obolibrary.org/obo/OBI_0001958;OBI;;;;;
Dynamic Feature;http://ecoinformatics.org/oboe/oboe.1.0/oboe-spatial.owl#DynamicFeature;OBOE-SBC;;;;;
Ecological Habitat;https://code.ecoinformatics.org/code/semtools/trunk/dev/oboe/oboe-sbc.owl#EcologicalHabitat;OBOE-SBC;;;;;
Capability;http://purl.obolibrary.org/obo/OCCO_00000011;OccO;;;;;
Dynamic Flexibility;http://purl.obolibrary.org/obo/OCCO_00000066;OccO;;;;;
Sustainability Specialist;http://purl.obolibrary.org/obo/OccO_13119905;OccO;;;;;
Adaptive;http://sbmi.uth.tmc.edu/ontology/ochv#C0231193;OCHV;;;;;
Capital;http://sbmi.uth.tmc.edu/ontology/ochv#C0006909;OCHV;;;;;
Dynamic;http://sbmi.uth.tmc.edu/ontology/ochv#C0729333;OCHV;;;;;
Ecological Model;http://sbmi.uth.tmc.edu/ontology/ochv#C0679712;OCHV;;;;;
Ecosystem;http://sbmi.uth.tmc.edu/ontology/ochv#178111;OCHV;;;;;
Family Dynamics;http://sbmi.uth.tmc.edu/ontology/ochv#C0015609;OCHV;;;;;
Meaning;http://sbmi.uth.tmc.edu/ontology/ochv#C0876919;OCHV;;;;;
Need;http://sbmi.uth.tmc.edu/ontology/ochv#C0027552;OCHV;;;;;
Network;http://sbmi.uth.tmc.edu/ontology/ochv#431055;OCHV;;;;;
Spiritual Well-being;http://sbmi.uth.tmc.edu/ontology/ochv#37675;OCHV;;;;;
Sustainable Development;http://sbmi.uth.tmc.edu/ontology/ochv#C0282113;OCHV;;;;;
Temporal Reference System;http://www.w3.org/2006/time#TRS;OFPE;;;;;
Microbial Species Diversity;http://purl.obolibrary.org/obo/OHMI_0000466;OHMI;;;;;
Sustainability (Application Area);http://www.ontology-of-units-of-measure.org/resource/om-2/ApplicationArea;OM;;;;;
Dynamic Modulus;http://www.ontology-of-units-of-measure.org/resource/om-2/DynamicModulus;OM;;;;;
Decreased Need For Sleep;http://purl.bioontology.org/ontology/OMIM/MTHU019559;OMIM;;;;;
Poor Adaptive Skills;http://purl.bioontology.org/ontology/OMIM/MTHU0470588;OMIM;;;;;
Capital Expeditures;http://purl.obolibrary.org/obo/OMIT_0003541;OMIT;;;;;
Capital Financing;http://purl.obolibrary.org/obo/OMIT_0003541;OMIT;;;;;
Capital Punishment;http://purl.obolibrary.org/obo/OMIT_0003542;OMIT;;;;;
Capitalism;http://purl.obolibrary.org/obo/OMIT_0021805;OMIT;;;;;
Ecological and Environmental Phenomena;http://purl.obolibrary.org/obo/OMIT_0026416;OMIT;;;;;
Ecological and Environmental Processes;http://purl.obolibrary.org/obo/OMIT_0026432;OMIT;;;;;
Ecological Parameter Monitoring;http://purl.obolibrary.org/obo/OMIT_0028419;OMIT;;;;;
Ecological Systems, Closed;http://purl.obolibrary.org/obo/OMIT_0018695;OMIT;;;;;
Economic Development;http://purl.obolibrary.org/obo/OMIT_0026924;OMIT;;;;;
Ecosystem;http://purl.obolibrary.org/obo/OMIT_0018052;OMIT;;;;;
Growth;http://purl.obolibrary.org/obo/OMIT_0007312;OMIT;;;;;
Hierarchy, Social;http://purl.obolibrary.org/obo/OMIT_0007767;OMIT;;;;;
Industrial Development;http://purl.obolibrary.org/obo/OMIT_0001227;OMIT;;;;;
Meaningful Use;http://purl.obolibrary.org/obo/OMIT_0028103;OMIT;;;;;
Metric System;http://purl.obolibrary.org/obo/OMIT_0009847;OMIT;;;;;
Moral Development;http://purl.obolibrary.org/obo/OMIT_0022649;OMIT;;;;;
Natural Gas;http://purl.obolibrary.org/obo/OMIT_0027537;OMIT;;;;;
Natural Hystory;http://purl.obolibrary.org/obo/OMIT_0019137;OMIT;;;;;
Natural Resources;http://purl.obolibrary.org/obo/OMIT_0001229;OMIT;;;;;
Need Assessment;http://purl.obolibrary.org/obo/OMIT_0020266;OMIT;;;;;
Personality Development;http://purl.obolibrary.org/obo/OMIT_0011544;OMIT;;;;;
Psychology, Social;http://purl.obolibrary.org/obo/OMIT_0012534;OMIT;;;;;
Psychosexual Development;http://purl.obolibrary.org/obo/OMIT_0012547;OMIT;;;;;
Reinforcement, Social;http://purl.obolibrary.org/obo/OMIT_0012983;OMIT;;;;;
Resilience, Psychological;http://purl.obolibrary.org/obo/OMIT_0026312;OMIT;;;;;
Social Adjustement;http://purl.obolibrary.org/obo/OMIT_0013805;OMIT;;;;;
Social Alienation;http://purl.obolibrary.org/obo/OMIT_0013806;OMIT;;;;;
Social Behavior;http://purl.obolibrary.org/obo/OMIT_0013807;OMIT;;;;;
Social Capital;http://purl.obolibrary.org/obo/OMIT_0028873;OMIT;;;;;
Social Change;http://purl.obolibrary.org/obo/OMIT_0013809;OMIT;;;;;
Social Class;http://purl.obolibrary.org/obo/OMIT_0013810;OMIT;;;;;
Social Conditions;http://purl.obolibrary.org/obo/OMIT_0013811;OMIT;;;;;
Social Conformity;http://purl.obolibrary.org/obo/OMIT_0013812;OMIT;;;;;
Social Desirability;http://purl.obolibrary.org/obo/OMIT_0013815;OMIT;;;;;
Social Discrimination;http://purl.obolibrary.org/obo/OMIT_0028275;OMIT;;;;;
Social Distance;http://purl.obolibrary.org/obo/OMIT_0013816;OMIT;;;;;
Social Dominance;http://purl.obolibrary.org/obo/OMIT_0013817;OMIT;;;;;
Social Environmental;http://purl.obolibrary.org/obo/OMIT_0013818;OMIT;;;;;
Social Facilitation;http://purl.obolibrary.org/obo/OMIT_0013819;OMIT;;;;;
Social Identification;http://purl.obolibrary.org/obo/OMIT_0013820;OMIT;;;;;
Social Isolation;http://purl.obolibrary.org/obo/OMIT_0013821;OMIT;;;;;
Social Justice;http://purl.obolibrary.org/obo/OMIT_0013822;OMIT;;;;;
Social Learning;http://purl.obolibrary.org/obo/OMIT_0001192;OMIT;;;;;
Social Marginalization;http://purl.obolibrary.org/obo/OMIT_0028096;OMIT;;;;;
Social Marketing;http://purl.obolibrary.org/obo/OMIT_0022979;OMIT;;;;;
Social Media;http://purl.obolibrary.org/obo/OMIT_0027897;OMIT;;;;;
Social Medicine;http://purl.obolibrary.org/obo/OMIT_0013821;OMIT;;;;;
Social Mobility;http://purl.obolibrary.org/obo/OMIT_0013824;OMIT;;;;;
Social Networking;http://purl.obolibrary.org/obo/OMIT_0027833;OMIT;;;;;
Social Norms;http://purl.obolibrary.org/obo/OMIT_0028865;OMIT;;;;;
Social Participation;http://purl.obolibrary.org/obo/OMIT_0027475;OMIT;;;;;
Social Perception;http://purl.obolibrary.org/obo/OMIT_0013825;OMIT;;;;;
Social Planning;http://purl.obolibrary.org/obo/OMIT_0013826;OMIT;;;;;
Social Problems;http://purl.obolibrary.org/obo/OMIT_0013827;OMIT;;;;;
Social Responsibility;http://purl.obolibrary.org/obo/OMIT_0013828;OMIT;;;;;
Social Sciences;http://purl.obolibrary.org/obo/OMIT_0013829;OMIT;;;;;
Social Security;http://purl.obolibrary.org/obo/OMIT_0013830;OMIT;;;;;
Social Skills;http://purl.obolibrary.org/obo/OMIT_0028808;OMIT;;;;;
Social Stigma;http://purl.obolibrary.org/obo/OMIT_0026964;OMIT;;;;;
Social Support;http://purl.obolibrary.org/obo/OMIT_0013831;OMIT;;;;;
Social Theory;http://purl.obolibrary.org/obo/OMIT_0028872;OMIT;;;;;
Social Values;http://purl.obolibrary.org/obo/OMIT_0013832;OMIT;;;;;
Social Welfare;http://purl.obolibrary.org/obo/OMIT_0013833;OMIT;;;;;
Social Work;http://purl.obolibrary.org/obo/OMIT_0013834;OMIT;;;;;
Social Workers;http://purl.obolibrary.org/obo/OMIT_0001251;OMIT;;;;;
Systematized Nomenclature Of Medicine;http://purl.obolibrary.org/obo/OMIT_0022884;OMIT;;;;;
Systematic Synonym;http://purl.obolibrary.org/obo/omp#systematic_synonym;OMP;;;;;
Socio Economic Data Item;http://purl.obolibrary.org/obo/OMRSE_00000506;OMRSE;;;;;
Socio-economic Data Item;http://purl.obolibrary.org/obo/OMRSE_00000506;OMRSE;;;;;
Human Social Role;http://purl.obolibrary.org/obo/OMRSE_00000085;OMRSE;;;;;
Diet by Digestive Capability;http://purl.obolibrary.org/obo/ONS_1000002;ONS;;;;;
Dietary Pattern By Digestive Capability;http://purl.obolibrary.org/obo/ONS_2000002;ONS;;;;;
General Wellbeing;http://doe-generated-ontology.com/OntoAD#C2939150;ONTOAD;;;;;
Percived Quality of Life;http://doe-generated-ontology.com/OntoAD#C0518214;ONTOAD;;;;;
Personal Satisaction;http://doe-generated-ontology.com/OntoAD#C0031206;ONTOAD;;;;;
Water System;http://purl.obolibrary.org/obo/OBT_0013800;ONTOBIOTOPE;;;;;
Network Optimization;http://www.ontodm.com/OntoDM-core/algorithmsOWLClass_0000000064;ONTODM-ALGORITHM;;;;;
Hypothetical Need;http://www.limics.fr/ontologies/ontoparonnoy#BesoinHypothetique;ONTOPARON;;;;;
Network;http://www.limics.fr/ontologies/ontopsychiasoc#Reseau;ONTOPSYCHIA;;;;;
Sustainable Relation;http://www.limics.fr/ontologies/ontopsychiasoc#Relation_Durable;ONTOPSYCHIA;;;;;
Trauma System;http://purl.obolibrary.org/obo/OOSTT_00000015;OOSTT;;;;;
Dynamical Structure;http://bhi.washington.edu/OPB#OPB_01758;OPB;;;;;
Network Domain;http://bhi.washington.edu/OPB#OPB_01571;OPB;;;;;
Complex;http://purl.obolibrary.org/obo/PATO_0001504;PATO;;;;;
Complexity;http://purl.obolibrary.org/obo/PATO_0001502;PATO;;;;;
Simple;http://purl.obolibrary.org/obo/PATO_0001503;PATO;;;;;
Ecological community;http://purl.obolibrary.org/obo/PCO_0000002;PCO;;;;;
Microbial Community;http://purl.obolibrary.org/obo/PCO_1000004;PCO;;;;;
Population Growth;http://purl.obolibrary.org/obo/PCO_0000011;PCO;;;;;
Quality Of An Ecological Community;http://purl.obolibrary.org/obo/PCO_0000004;PCO;;;;;
Social Behavior;http://purl.obolibrary.org/obo/GO_0035176;PCO;;;;;
Ecological Environment;http://purl.obolibrary.org/obo/EO_0007064;PEAO;;;;;
Adaptive Behavior/ Adaptive Function;http://purl.bioontology.org/ontology/phenX/820600;PHENX;;;;;
General Well-being;http://purl.bioontology.org/ontology/phenX/630700;PHENX;;;;;
Social Capital;http://purl.bioontology.org/ontology/phenX/181500;PHENX;;;;;
Adaptive System;http://localhost/plosthes.2017-1#9033;PLOSThes;;;;;
Adaptive Training;http://localhost/plosthes.2017-1#9436;PLOSThes;;;;;
Built Structures;http://localhost/plosthes.2017-1#8663;PLOSThes;;;;;
Dynamic Languages;http://localhost/plosthes.2017-1#8426;PLOSThes;;;;;
Dynamical Systems;http://localhost/plosthes.2017-1#8566;PLOSThes;;;;;
Dynamics;http://localhost/plosthes.2017-1#490;PLOSThes;;;;;
Ecological Remediation;http://localhost/plosthes.2017-1#4381;PLOSThes;;;;;
Human Capital;http://localhost/plosthes.2017-1#8570;PLOSThes;;;;;
Sustainability Science;http://localhost/plosthes.2017-1#7225;PLOSThes;;;;;
Sustainable Agriculture;(http://localhost/plosthes.2017-1#3186;PLOSThes;;;;;
Ecological;http://www.bioontology.org/pma.owl#PMA_1969;PMA;;;;;
Resilience;http://www.bioontology.org/pma.owl#PMA_594;PMA;;;;;
Social Capital;http://www.bioontology.org/pma.owl#PMA_33;PMA;;;;;
Wellbeing;http://presence-ontology.org/ontology/Wellbeing;PREO;;;;;
Dynamic;http://radlex.org/RID/RID10385;RADLEX;;;;;
Growth;http://regenbase.org/ontology#RB_0000362;RB;;;;;
Ecological Population Modelling Study;http://purl.obolibrary.org/obo/RBO_00002073;RBO;;;;;
Ecotoxicology Study;http://purl.obolibrary.org/obo/RBO_00002074;RBO;;;;;
Difficulty Inferring Meaning;http://purl.bioontology.org/ontology/RCD/XaCb5;RCD;;;;;
Domiciliary Service Need;http://purl.bioontology.org/ontology/RCD/13V5.;RCD;;;;;
Dynamic;http://purl.bioontology.org/ontology/RCD/Ub1Cc;RCD;;;;;
Ecological Environment;http://purl.bioontology.org/ontology/RCD/Xa4CX;RCD;;;;;
General Wellbeing;http://purl.bioontology.org/ontology/RCD/X76AT;RCD;;;;;
Network Analyst;http://purl.bioontology.org/ontology/RCD/0299.;RCD;;;;;
System;http://purl.bioontology.org/ontology/RCD/X75To;RCD;;;;;
Child In Need;http://purl.bioontology.org/ontology/RCTV2/13IS.00;RCTV2;;;;;
Dynamic Interpersonal Therapy;http://purl.bioontology.org/ontology/RCTV2/8G12100;RCTV2;;;;;
General Wellbeing;http://purl.bioontology.org/ontology/RCTV2/2JQ..00;RCTV2;;;;;
Network Analyst;http://purl.bioontology.org/ontology/RCTV2/0299.00;RCTV2;;;;;
Ecosystem;http://www.semanticweb.org/mca/ontologies/2018/8/untitled-ontology-47#Ecosystemm;RDO;;;;;
Operating System;https://w3id.org/reproduceme#OperatingSystem;REPR;;;;;
Ecological Parameter Monitoring;http://phenomebrowser.net/ontologies/mesh/mesh.owl#E05.298;RH-MesH;;;;;
System;http://purl.obolibrary.org/obo/RO_0002577;RO;;;;;
System;https://saref.etsi.org/saref4envi/System;SAREF4ENVI;;;;;
Psychological Need;http://humanbehaviourchange.org/ontology/BCIO_006064;SATO;;;;;
Community Engagement;http://purl.obolibrary.org/obo/SCDO_0007519;SCDO;;;;;
Dynamic Consent;http://purl.obolibrary.org/obo/SCDO_0003736;SCDO;;;;;
Health System;http://purl.obolibrary.org/obo/SCDO_0000494;SCDO;;;;;
Social Environment;http://purl.obolibrary.org/obo/SCDO_0001082;SCDO;;;;;
Social Functioning;http://purl.obolibrary.org/obo/SCDO_0001083;SCDO;;;;;
Social Role;http://purl.obolibrary.org/obo/SCDO_0001085;SCDO;;;;;
Social Skill;http://purl.obolibrary.org/obo/SCDO_0001087;SCDO;;;;;
Social Support;http://purl.obolibrary.org/obo/SCDO_0001088;SCDO;;;;;
Social Values;http://purl.obolibrary.org/obo/SCDO_0001089;SCDO;;;;;
Network Diagram;http://semanticscience.org/resource/SIO_000931;SCO;;;;;
Ambient Water Quality;http://purl.unep.org/sdg/SDGIO_00010045;SDGIO;;;;;
Amount Of Support To Developing Countries On Research And Development For Sustainable Consumption And Production And Environmentally Sound Technologies;http://purl.unep.org/sdg/SDGIO_00020156;SDGIO;;;;;
Assist developing countries in attaining long-term debt sustainability through coordinated policies aimed at fostering debt financing, debt relief and debt restructuring, as appropriate, and address the external debt of highly indebted poor countries to reduce debt distress;http://purl.unep.org/sdg/SDGIO_00000224;SDGIO;;;;;
Build resilient infrastructure, promote sustainable industrialization and foster innovation;http://purl.unep.org/sdg/SDGIO_00000043;SDGIO;;;;;
By 2020, substantially increase the number of cities and human settlements adopting and implementing integrated policies and plans towards inclusion, resource efficiency, mitigation and adaptation to climate change, resilience to disasters, and develop and implement, in line with the Sendai Framework for Disaster Risk Reduction 2015-2030, holistic disaster risk management at all levels;http://purl.unep.org/sdg/SDGIO_00000169;SDGIO;;;;;
By 2020, sustainably manage and protect marine and coastal ecosystems to avoid significant adverse impacts, including by strengthening their resilience, and take action for their restoration in order to achieve healthy and productive oceans;http://purl.unep.org/sdg/SDGIO_00000188;SDGIO;;;;;
By 2030, achieve the sustainable management and efficient use of natural resources;http://purl.unep.org/sdg/SDGIO_00000172;SDGIO;;;;;
By 2030, build on existing initiatives to develop measurements of progress on sustainable development that complement gross domestic product, and support statistical capacity-building in developing countries;http://purl.unep.org/sdg/SDGIO_00000240;SDGIO;;;;;
By 2030, build the resilience of the poor and those in vulnerable situations and reduce their exposure and vulnerability to climate-related extreme events and other economic, social and environmental shocks and disasters;http://purl.unep.org/sdg/SDGIO_00000072;SDGIO;;;;;
By 2030, devise and implement policies to promote sustainable tourism that creates jobs and promotes local culture and products;http://purl.unep.org/sdg/SDGIO_00000139;SDGIO;;;;;
By 2030, enhance inclusive and sustainable urbanization and capacity for participatory, integrated and sustainable human settlement planning and management in all countries;http://purl.unep.org/sdg/SDGIO_00000163;SDGIO;;;;;
By 2030, ensure that all learners acquire the knowledge and skills needed to promote sustainable development, including, among others, through education for sustainable development and sustainable lifestyles, human rights, gender equality, promotion of a culture of peace and non-violence, global citizenship and appreciation of cultural diversity and of culture’s contribution to sustainable development;http://purl.unep.org/sdg/SDGIO_00000105;SDGIO;;;;;
By 2030, ensure that people everywhere have the relevant information and awareness for sustainable development and lifestyles in harmony with nature;http://purl.unep.org/sdg/SDGIO_00000178;SDGIO;;;;;
By 2030, ensure the conservation of mountain ecosystems, including their biodiversity, in order to enhance their capacity to provide benefits that are essential for sustainable development;http://purl.unep.org/sdg/SDGIO_00000201;SDGIO;;;;;
By 2030, increase the economic benefits to Small Island developing States and least developed countries from the sustainable use of marine resources, including through sustainable management of fisheries, aquaculture and tourism;http://purl.unep.org/sdg/SDGIO_00000201;SDGIO;;;;;
By 2030, reduce by one third premature mortality from non-communicable diseases through prevention and treatment and promote mental health and well-being;http://purl.unep.org/sdg/SDGIO_00000089;SDGIO;;;;;
Cultural Ecosystem Service;http://purl.unep.org/sdg/SDGIO_00000034;SDGIO;;;;;
Develop and implement tools to monitor sustainable development impacts for sustainable tourism that creates jobs and promotes local culture and products;http://purl.unep.org/sdg/SDGIO_00000180;SDGIO;;;;;
Develop quality, reliable, sustainable and resilient infrastructure, including regional and transborder infrastructure, to support economic development and human well-being, with a focus on affordable and equitable access for all;http://purl.unep.org/sdg/SDGIO_00000143;SDGIO;;;;;
Ecosystem Service;http://purl.unep.org/sdg/SDGIO_00010072;SDGIO;;;;;
Encourage companies, especially large and transnational companies, to adopt sustainable practices and to integrate sustainability information into their reporting cycle;http://purl.unep.org/sdg/SDGIO_00000176;SDGIO;;;;;
End hunger, achieve food security and improved nutrition and promote sustainable agriculture;http://purl.unep.org/sdg/SDGIO_00000036;SDGIO;;;;;
Enhance international support for implementing effective and targeted capacity-building in developing countries to support national plans to implement all the sustainable development goals, including through North-South, South-South and triangular cooperation;http://purl.unep.org/sdg/SDGIO_00000230;SDGIO;;;;;
Enhance policy coherence for sustainable development;http://purl.unep.org/sdg/SDGIO_00000235;SDGIO;;;;;
Enhance the global partnership for sustainable development, complemented by multi-stakeholder partnerships that mobilize and share knowledge, expertise, technology and financial resources, to support the achievement of the sustainable development goals in all countries, in particular developing countries;http://purl.unep.org/sdg/SDGIO_00000237;SDGIO;;;;;
Ensure access to affordable, reliable, sustainable and modern energy for all;http://purl.unep.org/sdg/SDGIO_00000041;SDGIO;;;;;
Ensure Healthy Lives And Promote Well-being For All At All Ages;http://purl.unep.org/sdg/SDGIO_00000037;SDGIO;;;;;
Ensure sustainable consumption and production patterns;http://purl.unep.org/sdg/SDGIO_00000046;SDGIO;;;;;
"Extent to which (i) global citizenship education and (ii) education for sustainable development (including climate change education) are mainstreamed in (a) national education policies; (b) curricula; (c) teacher education; and (d) student assessment";http://purl.unep.org/sdg/SDGIO_00020155;SDGIO;;;;;
Facilitate sustainable and resilient infrastructure development in developing countries through enhanced financial, technological and technical suppor;http://purl.unep.org/sdg/SDGIO_00000148;SDGIO;;;;;
Good Ambient Water Quality;http://purl.unep.org/sdg/SDGIO_00010046;SDGIO;;;;;
Implement the 10-year framework of programmes on sustainable consumption and production, all countries taking action, with developed countries taking the lead, taking into account the development and capabilities of developing countries;http://purl.unep.org/sdg/SDGIO_00000171;SDGIO;;;;;
Investments in energy efficiency as a proportion of GDP and the amount of foreign direct investment in financial transfer for infrastructure and technology to sustainable development services;http://purl.unep.org/sdg/SDGIO_00020095;SDGIO;;;;;
Make Cities Inclusive, Safe, Resilient And Sustainable;http://purl.unep.org/sdg/SDGIO_00000045;SDGIO;;;;;
Natural Asset;http://purl.unep.org/sdg/SDGIO_00010054;SDGIO;;;;;
Natural Capital;http://purl.unep.org/sdg/SDGIO_00010053;SDGIO;;;;;
Number of companies publishing sustainability reports;http://purl.unep.org/sdg/SDGIO_00020153;SDGIO;;;;;
Number of countries implementing sustainable public procurement policies and action plans;http://purl.unep.org/sdg/SDGIO_00020154;SDGIO;;;;;
Number of countries reporting progress in multi-stakeholder development effectiveness monitoring frameworks that support the achievement of the sustainable development goals;http://purl.unep.org/sdg/SDGIO_00020225;SDGIO;;;;;
Number of countries with mechanisms in place to enhance policy coherence of sustainable development;http://purl.unep.org/sdg/SDGIO_00020223;SDGIO;;;;;
Number of sustainable tourism strategies or policies and implemented action plans with agreed monitoring and evaluation tools;http://purl.unep.org/sdg/SDGIO_00020157;SDGIO;;;;;
Official development assistance and public expenditure on conservation and sustainable use of biodiversity and ecosystems;http://purl.unep.org/sdg/SDGIO_00020185;SDGIO;;;;;
Process Of Being Educated;http://purl.unep.org/sdg/SDGIO_00010008;SDGIO;;;;;
Progress Towards Sustainable Forest Management;http://purl.unep.org/sdg/SDGIO_00020176;SDGIO;;;;;
Promote and enforce non-discriminatory laws and policies for sustainable development;http://purl.unep.org/sdg/SDGIO_00000221;SDGIO;;;;;
Promote inclusive and sustainable economic growth, employment and decent work for all;http://purl.unep.org/sdg/SDGIO_00000042;SDGIO;;;;;
Promote public procurement practices that are sustainable, in accordance with national policies and priorities;http://purl.unep.org/sdg/SDGIO_00000177;SDGIO;;;;;
Proportion of agricultural area under productive and sustainable agriculture;http://purl.unep.org/sdg/SDGIO_00020020;SDGIO;;;;;
Proportion of fish stocks within biologically sustainable levels;http://purl.unep.org/sdg/SDGIO_00020167;SDGIO;;;;;
Proportion of health facilities that have a core set of relevant essential medicines available and affordable on a sustainable basis;http://purl.unep.org/sdg/SDGIO_00020051;SDGIO;;;;;
Proportion of jobs in sustainable tourism industries out of total tourism jobs;http://purl.unep.org/sdg/SDGIO_00020108;SDGIO;;;;;
Proportion of population covered by a mobile network, by technology ;http://purl.unep.org/sdg/SDGIO_00020124;SDGIO;;;;;
Proportion of sustainable development indicators produced at the national level with full disaggregation when relevant to the target, in accordance with the Fundamental Principles of Official Statistics;http://purl.unep.org/sdg/SDGIO_00020227;SDGIO;;;;;
Provisioning Ecosystem Service;http://purl.unep.org/sdg/SDGIO_00000031;SDGIO;;;;;
Regullating Ecosystem Service;http://purl.unep.org/sdg/SDGIO_00000032;SDGIO;;;;;
Resilience;http://purl.unep.org/sdg/SDGIO_00010021;SDGIO;;;;;
Resilience Strengthening Process;http://purl.unep.org/sdg/SDGIO_00000028;SDGIO;;;;;
Resilience To Hazards;http://purl.unep.org/sdg/SDGIO_00000067;SDGIO;;;;;
Respect each country’s policy space and leadership to establish and implement policies for poverty eradication and sustainable development;http://purl.unep.org/sdg/SDGIO_00000236;SDGIO;;;;;
Revitalize the global partnership for sustainable development;http://purl.unep.org/sdg/SDGIO_00000051;SDGIO;;;;;
Strengthen resilience and adaptive capacity to climate-related hazards and natural disasters in all countries;http://purl.unep.org/sdg/SDGIO_00000182;SDGIO;;;;;
Support developing countries to strengthen their scientific and technological capacity to move towards more sustainable patterns of consumption and production;http://purl.unep.org/sdg/SDGIO_00000179;SDGIO;;;;;
Support least developed countries, including through financial and technical assistance, in building sustainable and resilient buildings utilizing local materials;http://purl.unep.org/sdg/SDGIO_00000170;SDGIO;;;;;
Supporting Ecosystem Service;http://purl.unep.org/sdg/SDGIO_00000033;SDGIO;;;;;
Sustainable Access System;http://purl.unep.org/sdg/SDGIO_00000006;SDGIO;;;;;
Sustainable Development Goal;http://purl.unep.org/sdg/SDGIO_00000000;SDGIO;;;;;
Sustainable Development Indicator;http://purl.unep.org/sdg/SDGIO_00000002;SDGIO;;;;;
Sustainable Development Indicator Value;http://purl.unep.org/sdg/SDGIO_00000003;SDGIO;;;;;
Sustainable Development Process;http://purl.unep.org/sdg/SDGIO_00000004;SDGIO;;;;;
Sustainable Development Target;http://purl.unep.org/sdg/SDGIO_00000001;SDGIO;;;;;
Sustainable fisheries as a proportion of GDP in small island developing States, least developed countries and all countries;http://purl.unep.org/sdg/SDGIO_00020170;SDGIO;;;;;
UN SDG Indicator ID;http://purl.unep.org/sdg/SDGIO_00000242;SDGIO;;;;;
UN SDG Target ID;http://purl.unep.org/sdg/SDGIO_00000074;SDGIO;;;;;
Proposition;http://purl.obolibrary.org/obo/SEPIO_0000000;SEPIO;;;;;
Natural;http://www.shojaee.com/shr/shr.owl#Natural;SHR;;;;;
Antonym;http://semanticscience.org/resource/SIO_000123;SIO;;;;;
Capability;http://semanticscience.org/resource/SIO_000112;SIO;;;;;
Homonym;http://semanticscience.org/resource/SIO_000126;SIO;;;;;
Hypernym;http://semanticscience.org/resource/SIO_000124;SIO;;;;;
Hyponym;http://semanticscience.org/resource/SIO_000125;SIO;;;;;
Network Diagram;http://semanticscience.org/resource/SIO_000931;SIO;;;;;
Regulation Of Capability;http://semanticscience.org/resource/SIO_000610;SIO;;;;;
Scientific Data;http://semanticscience.org/resource/SIO_000472;SIO;;;;;
Social Role;http://semanticscience.org/resource/SIO_000676;SIO;;;;;
Natural;http://purl.bioontology.org/ontology/SNMI/G-A447;SNMI;;;;;
Patient Need For;http://purl.bioontology.org/ontology/SNMI/G-0230;SNMI;;;;;
Able to Infer Meaning (Finding);http://snomed.info/id/310822000;SNOMED_CT;;;;;
Able To Manage Own Wellbeing (Finding);http://snomed.info/id/716418001;SNOMED_CT;;;;;
Adaptive behavior: Newborn (Observable Entity);http://snomed.info/id/404971009;SNOMED_CT;;;;;
Adaptive Behavior: Physical Disability (Observable Entity);http://snomed.info/id/405061004;SNOMED_CT;;;;;
Assessment of Dietary Need (Procedure);http://snomed.info/id/710847006;SNOMED_CT;;;;;
Assessment Of Diversional Care Need (Procedure);http://snomed.info/id/716670009;SNOMED_CT;;;;;
Assessment Of Need For Bed Rail Use (Procedure);http://snomed.info/id/737395001;SNOMED_CT;;;;;
Assessment Of Need For Interpreter (Procedure);http://snomed.info/id/473207004;SNOMED_CT;;;;;
Assessment Of Need For Vehicle Adaptation (Procedure);http://snomed.info/id/719071008;SNOMED_CT;;;;;
Caregiver Wellbeing Status (Observable Entity);http://snomed.info/id/405193005;SNOMED_CT;;;;;
Child No Longer In Need (Finding);http://snomed.info/id/135890008;SNOMED_CT;;;;;
Clinical Outcomes In Routine Evaluation Outcome Measure Well being Score (Observable Entity);http://snomed.info/id/718492008;SNOMED_CT;;;;;
Contraception Need Complicated By Medical Condition (Finding);http://snomed.info/id/440552008;SNOMED_CT;;;;;
Decreased Need for Sleep (Finding);http://snomed.info/id/443484004;SNOMED_CT;;;;;
Difficulty Inferring Meaning;http://snomed.info/id/310825003;SNOMED_CT;;;;;
Difficulty Managing Medication Due To Special Need (Finding);http://snomed.info/id/426026005;SNOMED_CT;;;;;
Domiciliary Service Need (Observable Entity);http://snomed.info/id/161038001;SNOMED_CT;;;;;
Dynamic;http://snomed.info/id/229027002;SNOMED_CT;;;;;
Eating Habit (Life Style);http://snomed.info/id/116060000;SNOMED_CT;;;;;
Ecological Environment (Environment);http://purl.bioontology.org/ontology/SNOMEDCT/288559002;SNOMED_CT;;;;;
Economic Status (Social Status);http://snomed.info/id/73831000;SNOMED_CT;;;;;
Environment (Environment);http://snomed.info/id/276339004;SNOMED_CT;;;;;
Environment Observable (Observable Entity);http://snomed.info/id/438950009;SNOMED_CT;;;;;
Evaluation Of Need For Motorized Wheelchair (Procedure);http://snomed.info/id/445194001;SNOMED_CT;;;;;
False Sense Of Well-being (Finding);http://snomed.info/id/416446009;SNOMED_CT;;;;;
General Well-being Finding (Finding);http://snomed.info/id/365275006;SNOMED_CT;;;;;
General Wellbeing (Observable Entity);http://snomed.info/id/363800008;SNOMED_CT;;;;;
General Wellbeing Schedule (Assessment Scale);http://snomed.info/id/273480003;SNOMED_CT;;;;;
Group (Attribute);http://snomed.info/id/246261001;SNOMED_CT;;;;;
Increased need For Rest (Finding);http://snomed.info/id/722013004;SNOMED_CT;;;;;
Lack Of Psychological Resilience (Finding);http://snomed.info/id/733904000;SNOMED_CT;;;;;
Level of Comfort Of Environment (Observable Entity);http://snomed.info/id/439434004;SNOMED_CT;;;;;
Life Style (Life Style);http://snomed.info/id/60134006;SNOMED_CT;;;;;
Need For Personal Care Assistance (Finding);http://snomed.info/id/15936341000119106;SNOMED_CT;;;;;
Network Analyst (Occupation);http://snomed.info/id/158827008;SNOMED_CT;;;;;
Occupation (Occupation);http://snomed.info/id/14679004;SNOMED_CT;;;;;
Occupational Need Assessment (Procedure);http://snomed.info/id/183343000;SNOMED_CT;;;;;
Patient Education Based On Identified Need (Procedure);http://snomed.info/id/372919008;SNOMED_CT;;;;;
Patient Need For;http://purl.bioontology.org/ontology/SNOMEDCT/103325001;SNOMED_CT;;;;;
Patient Need For (Contextual Qualifier) (Qualifier Value);http://snomed.info/id/103325001;SNOMED_CT;;;;;
Personal Wellbeing Status (Observable Entity);https://www.ebi.ac.uk/ols/ontologies/snomed/terms?iri=http%3A%2F%2Fsnomed.info%2Fid%2F405153007#:~:text=http%3A//snomed.info/id/405153007;SNOMED_CT;;;;;
Psychological Resilience (Finding);http://snomed.info/id/733903006;SNOMED_CT;;;;;
Psychological Well-being Education (Procedure);http://snomed.info/id/401083009;SNOMED_CT;;;;;
Psychosocial Adaptive Behavior: Life Change (Observable Entity);http://snomed.info/id/405058000;SNOMED_CT;;;;;
Quality of Wellbeing Scale (Assessment Scale);http://snomed.info/id/273726005;SNOMED_CT;;;;;
Ready For Enhanced Spiritual Well-being (Finding);http://snomed.info/id/426533003;SNOMED_CT;;;;;
Social Context (Social Concept);http://snomed.info/id/48176007;SNOMED_CT;;;;;
Social Status (Social Concept);http://snomed.info/id/82996008;SNOMED_CT;;;;;
Social Wellbeing (Observable Entity);http://snomed.info/id/699089001;SNOMED_CT;;;;;
Spiritual Growth;http://snomed.info/id/373903005;SNOMED_CT;;;;;
Spiritual Need Of Patient (Observable Entity);http://snomed.info/id/105570005;SNOMED_CT;;;;;
Spiritual Or Religious Belief (Religion/Philosophy);http://snomed.info/id/1400009;SNOMED_CT;;;;;
Spiritual Wellbeing (Observable Entity);http://snomed.info/id/699090005;SNOMED_CT;;;;;
System;http://purl.bioontology.org/ontology/SNOMEDCT/246333005;SNOMED_CT;;;;;
Therapy Outcome Measure Wellbeing Scale (Assessment Scale);http://snomed.info/id/446171007;SNOMED_CT;;;;;
Therapy Outcome Measure Wellbeing Score (Observable Entity);http://snomed.info/id/718038001;SNOMED_CT;;;;;
Unable to Infer Meaning (Finding);http://snomed.info/id/310823005;SNOMED_CT;;;;;
Unaware Of Need To Urinate (Finding);http://snomed.info/id/249285005;SNOMED_CT;;;;;
Unmet drug Need Identified (finding);http://snomed.info/id/408345009;SNOMED_CT;;;;;
Natural;http://purl.obolibrary.org/obo/SO_0000782;SO;;;;;
Direct Wellbeing Service;http://www.semanticweb.org/social-prescribing#mdo000059;SOCPRES;;;;;
Poor Physical Well Being;http://www.semanticweb.org/navyarenjith/ontologies/2022/7/untitled-ontology-75#SOHO:10093801;SOHO;;;;;
Primary Health Care;http://purl.obolibrary.org/obo/OMIT_0012276;SRAO;;;;;
Sustainable Building Technology;http://www.fairsharing.org/ontology/subject/SRAO_0000287;SRAO;;;;;
System;http://www.w3.org/ns/ssn/System;SSN;;;;;
Coordinate System;http://purl.obolibrary.org/obo/STATO_0000010;STATO;;;;;
Acquired Capability for Suicide Scale;http://purl.org/net/miCLIP#AcquiredCapabilityForSuicideScale;SUICIDEO;;;;;
Adaptive Capacity;http://sweetontology.net/propIndex/AdaptiveCapacity;SWEET;;;;;
Complex;http://sweetontology.net/stateSystem/Complex;SWEET;;;;;
Computational Complexity;http://sweetontology.net/propIndex/ComputationalComplexity;SWEET;;;;;
Dynamical Phenomena;http://sweetontology.net/phen/DynamicalPhenomena;SWEET;;;;;
Dynamics;http://sweetontology.net/humanKnowledgeDomain/Dynamics;SWEET;;;;;
Ecological Phenomena;http://sweetontology.net/phenEcology/EcologicalPhenomena;SWEET;;;;;
Ecosystem;http://sweetontology.net/realmBiolBiome/Ecosystem;SWEET;;;;;
Human Capital;http://sweetontology.net/human/HumanCapital;SWEET;;;;;
Human Need;http://sweetontology.net/human/HumanNeed;SWEET;;;;;
Natural Capital;http://sweetontology.net/humanEnvirAssessment/NaturalCapital;SWEET;;;;;
Network;http://sweetontology.net/reprMathGraph/Network;SWEET;;;;;
Resilience;http://sweetontology.net/phenSystemComplexity/Resilience;SWEET;;;;;
Sustainability;http://sweetontology.net/humanEnvirConservation/Sustainability;SWEET;;;;;
Sustainable;http://sweetontology.net/humanEnvirConservation/Sustainable;SWEET;;;;;
Sustainable Development;http://sweetontology.net/humanCommerce/SustainableDevelopment;SWEET;;;;;
System;http://sweetontology.net/phenSystem/System;SWEET;;;;;
System State;http://sweetontology.net/stateSystem/SystemState;SWEET;;;;;
Natural;https://example.com/tephra/vocs/m4m-tephra/natural;TEPHRAM4MEXAMPLE;;;;;
Résilience Socio-économique;http://opendata.inra.fr/ThesAE/resilience_socio-economique;THESAE;;;;;
Triple Performance;http://opendata.inra.fr/ThesAE/triple_performance;THESAE;;;;;
Dynamic Model;http://purl.obolibrary.org/obo/TP_0000162;TRIPHASE;;;;;
Ecosystem Services;http://purl.obolibrary.org/obo/TP_0000329;TRIPHASE;;;;;
Sustainability;http://purl.obolibrary.org/obo/TP_0000327;TRIPHASE;;;;;
Sustainable Development in Aquaculture;http://purl.obolibrary.org/obo/ID_0000154;TRIPHASE;;;;;
Adaptive Response;http://purl.obolibrary.org/obo/TXPO_0002193;TXPO;;;;;
Network Attribute;http://purl.obolibrary.org/obo/TXPO_0001299;TXPO;;;;;
Dynamic range Unit;http://purl.obolibrary.org/obo/UO_0000238;UO;;;;;
Dynamic range Unit;http://purl.obolibrary.org/obo/UO_00002388;UO;;;;;
Systematic Synonym;http://purl.obolibrary.org/obo/fbcv#systematic_synonym;UPHENO;;;;;
Need For Palliative Care;http://www.vodan-totafrica.info/vocs/vgt/NeedforPalliativeCare;VODANA-GENERAL;;;;;
Dynamics;http://purl.obolibrary.org/obo/WC#_model_dynamics_target_provenance;WC;;;;;
Short-term Impact On Emotional Wellbeing;http://purl.org/zonmw/covid19/10024;ZONMW-CONTENT;;;;;
Socio Economic Data;http://purl.org/zonmw/covid19/10223;ZONMW-CONTENT;;;;;
